c,x,l,m,y
1.1883872948968517,0,0,1,121.72580271648914
0.7333319628472575,0,0,0,120.07927058243511
1.5926359890384463,0,0,1,122.29270775879678
0.40624594452251056,1,0,0,119.50661710176797
0.2728020286025223,0,0,0,117.9373643919117
0.5722467365313322,0,0,0,118.5984103909343
1.2109106102069465,0,0,0,120.47577453620184
1.1387622700110944,0,0,0,119.27895498685719
4.18443873783535,0,1,0,125.82550946648234
1.8307066857443983,0,0,0,121.36538564901645
0.17022776832800982,1,1,1,123.33656385288417
2.1751410751210853,1,1,1,126.60300372201525
1.392465203838336,0,0,1,122.51952426223312
1.531614929173803,0,0,0,121.26387813550973
0.2012348929298628,0,1,0,118.85000823121193
1.8331429785114381,0,0,0,120.89884494575672
0.5301075507985186,0,0,0,121.19928642550933
0.12263756297515477,1,0,1,120.25461675653344
1.22391067507169,0,1,0,123.69081328026337
12.848792019509663,0,0,1,126.50970711215213
2.7436299167372926,0,0,1,123.13561292984377
0.8814928289706516,0,1,0,122.03792643130662
0.5602477369859244,0,0,0,118.4725925596145
0.5150792951072188,0,0,0,119.83703506592667
1.0101317172319866,0,0,0,120.07772178922943
0.7708404583426426,0,0,0,119.95291390967719
0.6795803950057454,0,0,1,121.19720800021497
2.2481059324350885,0,0,0,121.6218363465212
0.4668665672153058,0,0,0,118.83254622204501
0.7007231118435867,0,0,0,120.50160780423612
1.3393045962389327,0,0,0,120.5853312352681
6.102959669970268,0,0,0,121.35512302909113
2.7839034115127856,0,0,0,122.47540043391389
1.25838473780113,0,0,0,121.83394424740771
0.7606357594037116,0,1,0,122.56661566098323
0.5855249517987374,0,0,0,120.17859965644104
0.23125938764373688,0,0,0,118.7831805853561
0.46818469752239716,0,0,0,120.20682833068085
0.1769659122641221,0,0,0,116.63361133516389
3.2974098090921777,1,0,0,124.11832950206518
0.15044558180611992,0,0,0,115.02165856403354
2.4094644939448804,0,1,1,125.95259532056004
0.4691639398676033,0,0,0,119.66297243826692
0.733761500240206,0,0,0,118.89140326917723
1.0026832807484016,0,0,0,120.4137303202496
0.16824413381958744,0,1,0,118.80875408610649
2.0465256454148895,0,0,0,122.87561146861442
0.882109862495213,1,0,0,121.26382150701676
0.40594493502947193,0,0,0,118.84839281375652
5.05372868065697,0,0,0,121.91600813757911
1.6146694384366087,0,0,0,121.46623796914106
4.8162677001948175,0,0,0,122.6647046223437
5.553971982109528,0,1,0,125.49384308942935
0.5237421125612112,0,1,0,121.27725257608658
0.7936887301317834,0,0,0,119.06235383839932
1.0441525611966236,0,1,0,121.69751901658441
0.9290963389040314,0,0,0,119.32086487538882
3.2164120406261487,0,0,0,123.3432959074524
0.22224532800623586,0,0,0,118.19171519667437
1.3758660733433248,0,0,0,120.26449640517048
3.4376553637081217,0,0,1,125.02683104076571
2.116015137334382,0,0,0,121.43926529106717
2.7986497657047464,0,0,0,122.38419603010922
0.7960166589032189,0,0,0,119.40540309013666
0.5832257039722163,0,0,0,119.3477200008938
0.9776248866983805,0,0,1,120.80563278770194
4.243558173138851,1,1,1,128.15901357493794
0.056435086020743375,0,0,0,115.3888546701041
0.5162286863512362,0,0,0,118.13474951060455
0.36593568352450295,0,0,0,117.48460828000391
0.9303971274220555,0,0,0,120.01091518434365
1.7951109665547782,0,0,0,120.21097978030187
0.6897181158150262,0,0,0,118.33627275871885
1.5736114025149075,0,0,0,120.10370110436322
1.1619163973696487,0,0,0,120.86774093249625
0.3469581770171448,0,0,0,117.92346691841519
1.3610331521279846,0,0,0,121.42073739967411
1.5061702392085758,0,0,0,121.26648473897376
0.5847717519711505,0,0,0,118.08958049966847
1.2923417086585172,0,0,0,122.36037761361104
1.7560034393469413,0,0,0,122.66260628394019
0.6423653929056932,0,0,0,119.54095115117691
3.98076318042766,0,0,0,121.65306509245175
0.34564238257431157,0,0,0,117.74902766411704
1.225471846650059,0,1,1,126.2048229759804
1.4428588952656094,0,0,0,121.35878120726363
1.0698661488908725,0,0,1,121.53721383362999
6.155411568837657,0,1,1,126.05372676849194
0.9517239147488898,0,0,0,120.15671853234782
7.579354009878101,0,0,0,122.81599716357083
0.3235666803086902,0,0,0,119.96390174154612
0.6697748838524488,0,0,0,117.33667815104891
0.1293420627753274,0,0,0,116.69136106831616
0.38797114062707583,0,0,1,117.76098792114168
0.5824388090611394,0,1,0,122.09413396846473
0.5538887705115433,0,0,1,121.898043884933
0.3830797142979999,0,0,0,118.15445214948748
1.772543411885738,0,0,0,121.47456219941836
3.355868855802593,0,0,0,121.97460699695564
0.29389629871717304,0,0,0,118.42479469846948
1.873857902552616,0,0,0,120.45125798237257
1.1764720398775117,0,0,0,120.44076640959685
2.0010033491638235,0,0,0,121.38039064934237
0.29589458823470005,0,0,0,118.51273208181495
0.3925677273844228,1,0,0,120.07774093602741
0.6840987121989384,0,0,0,121.10912201926506
6.282499328182846,0,1,1,126.23598176712797
0.3897505579114294,0,0,0,118.08662831407513
0.6908390698367862,0,1,0,121.16102294847543
1.064220393935985,0,1,0,121.1044203234549
0.23899256814432454,0,0,0,118.75129071800049
1.967462213555515,0,0,0,121.85119044574867
0.7587747251265757,0,0,0,121.43819610106864
3.4955398365267643,0,0,0,120.60455910969645
0.45721128546971435,0,0,0,119.94120700166542
2.816652199777507,0,0,0,121.49333284672461
1.167856296407175,0,1,1,124.87525538278723
2.825502242581691,0,0,0,121.52864021657102
1.866605585343898,0,0,0,119.89120049222961
0.14540836045058095,0,0,0,117.98847463153425
10.970920201645926,0,0,0,124.3758435818377
0.21992642104829513,0,0,0,118.54998121612883
0.7670324199226689,0,0,0,120.25737137397776
1.1883643348187192,0,0,0,119.09213674082935
1.6549813579819639,1,0,0,121.75578075337964
1.1770835763291472,0,0,0,119.98171173222008
1.8040008926738846,1,1,0,123.8571325823524
1.7752419545270888,0,0,0,121.11148463726659
1.6362833966653945,0,0,0,121.62605499872468
4.5415166889318375,0,0,1,123.53483689131706
0.16807425518710797,0,0,0,117.28300362544196
1.0128409523739352,0,0,0,121.56697852654733
1.3319499573226021,0,0,0,120.59744693926537
0.7237626807773246,0,0,0,119.80312965350538
0.1727899761554749,0,0,0,117.21390020463187
0.35726014115452037,0,0,0,119.01984552160609
0.7085909496829786,0,0,0,119.648519620113
1.4420328386752743,0,0,0,120.35145707691372
2.919273586284886,0,0,1,124.16489084257653
2.5072358070571945,0,0,0,122.47150590691665
0.3073493697794619,0,0,0,119.55697408001602
3.3802043873953993,0,0,0,120.93157333792777
0.443552981782483,0,0,0,120.52563478844047
0.4299020030716775,0,0,0,117.81744688999215
1.0081685936717593,0,0,1,122.16735887447041
0.8544129603710645,0,1,0,123.13398974614815
1.0711073038014776,0,1,1,125.48066662608932
0.33739078759835267,0,0,0,118.09087599271842
0.9914991741270947,1,0,0,123.85947072277332
2.88412203571878,0,0,0,121.90993223047634
1.3276552634144485,0,0,0,121.48715930600856
0.20971647453771192,0,1,0,120.82720253192127
0.9158239426216199,0,0,0,119.36038771461493
0.5514068864071359,0,0,0,119.9649186150168
1.3413252887635516,0,0,0,120.8493092466622
1.0271123496248904,0,0,0,120.42223636046444
0.8200953370859962,0,0,0,119.99824059479063
2.1605899353827036,0,1,0,123.93158080456331
0.9517820752101747,0,0,1,121.67970607933775
0.8210803260866464,0,0,1,123.86661828440964
0.3982154552329922,0,0,0,119.45395081359194
1.4921744045368799,1,0,0,122.65293816245513
3.1923607051735527,0,0,0,121.88469005680237
0.7788861543077409,0,0,0,121.1919905035297
0.5372041480364135,0,1,0,120.66772357808631
7.616703973763696,0,0,0,122.50447583077977
0.7222913816361153,0,0,0,121.06753334551216
0.44943250403007257,0,0,0,118.95841796209601
1.0440735709234283,0,0,0,119.94520490988535
2.240430814405943,0,1,0,124.25950911672649
1.6010304460185292,0,0,0,120.79292673556459
0.8582325108433019,0,0,0,120.7771501023219
0.6207173359829327,0,0,0,119.4491055143595
2.7578744231104824,0,0,0,120.72980420905033
1.1451275831086174,1,0,0,121.14247370737824
2.629138365093702,0,0,0,122.20256693588615
0.7600202828010185,0,0,0,119.08723203396173
0.15592074461205865,1,0,0,118.04251839398377
1.811574850593213,0,0,0,118.9675683150407
1.2873668458578376,0,1,0,121.45946404075035
0.8146547720997249,0,0,0,120.19118888724579
0.7827272224174495,0,1,0,120.78704497566737
0.18913402073809776,0,0,0,117.78890937037023
1.1434150552449165,0,0,1,123.06641548267753
2.0036851660420187,0,0,0,121.72131234994052
1.4448745956588682,0,0,0,122.04444475452803
0.4428976053965323,0,0,0,119.08314381032235
1.3981080809605635,0,1,0,124.98676604961435
0.4843952171001787,0,0,0,119.9639341809779
3.718411878988994,0,1,1,125.1664237299568
0.3301192580707526,0,0,0,115.35557776103475
7.101736048604304,0,0,0,124.35324809441737
3.5833598939911733,0,1,1,125.33698690632426
4.133221461528049,0,0,0,121.65383524264692
0.8065625656564857,0,1,0,123.93288971432045
0.4857073423885795,0,1,0,120.5435098795037
0.9129303217143832,0,0,0,118.8152865404908
0.2954417123240025,0,0,0,118.0906792820553
2.0135301437301956,0,1,1,125.0598076983324
0.904557688636354,0,0,0,117.95738370796676
4.888975885269041,0,0,1,122.58298500906876
1.0087250468676123,0,0,0,119.69699668956487
5.485313385569844,1,0,0,124.64506583802275
3.917778125518099,0,0,1,122.46783629467683
1.5890740215038883,0,0,0,120.18736370642338
0.16283019543363317,0,1,0,119.64154980690562
0.763342723591536,0,0,0,120.42307384233291
4.509416471473796,0,0,0,120.01374294598797
1.1896620349796199,0,0,0,120.2826047879401
0.46890939591104613,0,0,0,120.45091348425265
0.8639022731807728,0,0,1,120.32624697329744
3.5005444195549895,0,0,0,121.02433290315844
0.7039828319656379,0,0,1,120.48753188663946
0.3504101311479111,0,0,0,119.09692832748226
0.5062248466775034,0,0,0,118.94138116155987
0.8841940177702396,0,0,0,120.29858024760478
4.115990284306153,0,0,1,122.8525564169131
2.097113676284638,1,1,0,125.6135229195995
5.87569106887754,0,0,0,123.31471277861293
0.5187993743060568,0,0,0,118.70195619947253
0.7798168940612921,0,0,0,118.92770446569627
1.4980971299672508,0,1,1,124.6616938970628
0.31012433372335224,0,0,0,116.55496107482355
4.38457055017247,1,1,0,127.92182459181193
0.7101447981252895,0,0,0,118.31972219467254
1.440999125042668,1,0,1,123.10913415978541
0.24857963685248508,0,1,0,119.1517821630755
0.3373328192883629,0,0,0,119.74020722385052
1.520808434907593,0,0,0,121.91865359248317
10.679587042004883,0,0,1,124.44352667795957
3.1131319674361957,0,0,0,120.17831395909279
2.113190676633838,0,1,1,124.87279855223905
1.560997285935482,0,0,0,119.89183976389641
2.244136544007068,0,0,0,119.82574683404303
4.37184561329282,0,1,0,126.1470852419857
0.1722843081934034,1,0,0,120.33571696053957
2.6659032434846552,1,1,1,127.25266808308146
0.9429982964141035,0,0,0,117.99516125723018
1.1004157370906673,0,0,0,121.94566721268751
0.3251795180138678,0,0,0,115.45296816002522
1.7917251743905571,1,0,0,120.1739966115166
0.1480127564786417,0,0,0,118.0215862118354
8.206106366448713,0,0,0,121.46460526698175
0.1388885731571741,1,0,1,119.03129789900723
0.35797408489713595,0,0,0,119.03878677052163
0.9949425292380767,0,0,0,119.62831673220553
0.8955155104288224,0,0,0,120.13935451988144
0.5671879507586759,0,0,0,119.74153465114318
0.8487480471275308,0,1,1,122.99625000004318
1.7026761871525165,0,0,0,118.99770635369445
0.514062178201457,0,0,1,118.05916332501941
0.2963768848949047,0,0,0,118.68655503983369
1.984890882324036,1,0,0,122.32877202008092
2.4656291819156033,0,0,0,120.86134498153207
0.38460746277148267,0,0,1,121.20251225341906
1.0397203458702418,1,0,1,120.97634301688804
0.203093977535423,0,0,0,117.648079757328
4.842754525635497,1,0,0,123.7447407158754
1.78479808757832,0,0,0,120.95991352915253
0.3014636571993549,0,1,0,121.53479864413565
3.1164715772968923,0,1,1,123.97424167249676
1.6301478937492566,0,0,0,121.25893463803084
0.1259437326356266,0,0,0,117.64922715586368
2.3280446851684946,0,0,0,122.4915886926836
2.7878058531152066,0,0,0,120.86020563406703
2.367532498997711,1,0,0,122.48281089478249
8.685381741923964,0,0,0,123.81225440123161
0.6021149791729429,0,0,0,117.74679321440303
1.8814146618396024,0,0,0,120.77539988796394
0.682021192535441,0,0,0,119.94881619027356
1.8334454510845353,0,0,0,121.58237049104204
1.582498584227851,0,0,0,120.51944402733953
0.7544739548096056,0,0,1,120.27431363110904
0.424629523305579,0,0,0,120.98773399704002
1.2821614226946598,0,1,0,123.38708281658994
3.078816519907302,1,0,0,122.59395807571795
0.4528570158070138,0,1,0,122.37223189669756
0.7452961730871875,1,1,0,124.22038295288301
4.04482690681678,0,0,0,120.08937620141792
0.9348042622605307,0,0,0,122.13784510564521
0.7323953474279352,0,0,0,119.37101062851207
1.5499916494981874,0,0,0,121.43336096300459
0.30755224184932917,0,0,0,118.3775163318218
0.16773799343928159,0,0,0,119.3608252025084
0.8535645643432829,0,0,0,120.29910164060664
1.418415740093718,0,0,0,121.70130672562811
0.7422266640449143,0,0,1,121.41103253645569
1.5773116319212186,0,1,0,123.67428901374002
3.7667400975826872,0,0,0,120.18638380611795
0.39462664050458435,0,0,0,118.9564510630476
2.678106345805057,0,0,0,120.91850100314907
0.38105987190406576,0,1,0,120.59003483515117
0.16465779333339345,0,0,0,117.86966413271537
1.2255974597200374,0,0,0,120.5732613877934
1.9433986266085501,0,0,1,122.13642138303275
0.4261521846851623,0,1,0,120.98602798942945
0.5913085146616289,0,0,0,119.28818408145688
0.4545071820396102,1,0,0,119.44570777895873
3.5770035968071436,0,0,0,120.67578036688819
0.8183455200876767,0,0,0,118.59252205090019
0.19183938109572077,0,0,0,117.15015991711398
17.9830653422078,0,0,0,123.56711193471334
3.7581156142216217,1,0,1,123.87204422222472
0.26263689453111033,1,1,1,121.28589578781015
0.1825399684754579,0,0,0,117.47988226983084
0.5429678176958875,0,0,0,118.46494441970901
4.751772096689849,0,0,0,122.23035562805522
1.2041881722905463,0,0,0,120.52308770241426
0.24444840547490265,0,0,0,115.97788271511854
3.559631377923553,0,0,0,120.75286553617393
0.786309263479918,0,0,0,119.57235696767053
0.24797874620838747,0,0,1,118.06954249645479
0.3313306243086897,0,1,0,120.33937661151438
1.8502230455846125,0,0,0,120.58826310043412
1.1995552841089265,0,0,0,118.47150120473698
2.338636913873399,0,0,0,121.83663948266992
0.6901009904178131,0,0,0,119.54214242229322
0.09231250719967644,0,1,0,118.56872186652866
0.4994979210911972,0,0,0,119.84284446675053
0.09305013859794597,0,0,0,114.60596844766651
2.807382569153061,1,0,1,124.5571738697452
0.5179496847363276,0,0,0,119.93512607849755
0.45167809473891357,0,0,0,119.17232028648769
0.8020593354059883,0,0,0,120.25929965369305
0.7420059703820381,0,0,0,120.21095719990534
0.1765958940512184,0,0,0,117.76340178602848
5.430541844567412,1,0,0,125.39598882574411
1.3376534624120018,0,0,0,120.51420290285601
1.5330901754804451,0,0,0,120.64280543084385
0.6692997537017891,0,0,0,118.12467854778907
1.1319804873587076,0,1,0,123.09165585997361
0.9671878920733247,0,0,0,119.53208385633054
1.6290094099887917,1,1,1,126.14853718422003
2.3519165066525534,0,1,0,121.86435437329965
2.229931399741177,0,0,1,121.19800921379289
0.30370664226508354,0,0,0,119.53268659046549
1.863668191447007,0,0,0,120.9815383551593
0.8016768629530027,0,0,0,119.53813885704794
1.7825874050907606,0,0,0,119.79171610120659
0.7197881292754597,0,1,0,121.18222942916991
0.5304057914740886,0,0,0,117.52218948176066
4.296635846101028,1,0,1,126.53778772004615
0.3368861780680894,0,0,0,118.6024741821392
0.5996977532218338,0,0,0,120.61717861701183
1.115553668542946,0,0,0,120.93523491670317
1.5212707890746677,0,0,0,120.53279122725236
0.7131404070314958,0,0,0,120.65716111265611
0.8245988758176824,0,0,1,121.38073097115092
0.7321127963583178,0,0,0,120.0332327401986
1.8453787889465185,0,0,1,120.77017804745725
2.644987228324151,0,1,0,124.05621214492982
1.0122082707263977,0,0,1,123.05744707735066
1.0995999514490984,0,0,0,118.43847300902345
1.764660555214103,0,0,0,121.27288827000308
3.3133364219322976,0,1,0,124.24331462070525
0.30415812315245283,0,0,0,117.71208600014421
3.2509538086348293,0,0,0,123.03291733996363
1.1081825137400432,0,0,0,120.26382432232164
2.4121952553527746,0,0,0,120.6144102748846
0.2888625968061272,1,0,0,122.61179887788872
0.14840051899469656,0,0,0,115.55523285642394
6.905382803526297,0,0,0,123.39079492589143
0.7850836425831261,0,0,0,120.6045929342061
1.1207114255678758,0,0,0,117.73134375975914
2.173160192545272,0,0,0,121.60141259128955
0.32433888001021843,0,1,0,120.57638018416462
0.16225619730850654,0,0,0,116.97633826960364
1.3943078803934483,0,0,0,119.36921737946992
21.266739965235757,0,0,0,125.5639281916402
3.3921681872565954,0,0,0,121.23083433416842
1.289559991680543,0,1,0,123.42500319437613
0.28154065168792053,0,0,0,117.98236835247798
0.5313672344543401,0,0,0,119.69360483846714
1.8777178875729286,0,0,1,121.647378654829
0.4105048267359452,0,0,0,119.80631344481135
3.490927071479768,0,0,0,123.14945460379377
1.4923244376455427,0,0,0,120.90035867434631
1.6382669373503171,0,1,1,124.87305671469927
0.4433634288277786,0,0,0,121.30660208920494
0.3675014382563351,0,0,0,118.79096349486342
0.6332171908530062,0,0,0,119.6444537774801
0.270863883829524,0,0,0,117.99537613374089
2.5774860527601966,1,0,0,124.52807660896377
4.438385842200562,0,0,0,122.06699112648583
0.6477621132928586,0,0,0,118.7115056087213
2.4653081206099703,0,0,0,120.8039892449579
0.6436922951255866,0,0,0,121.207963879798
0.4968350143550894,0,1,0,121.32761341885183
0.3400370233124274,0,0,0,118.83762108624585
1.29277477035817,0,0,0,120.38513437731692
0.3931869410548125,0,1,0,122.42062567154488
0.5209261857358888,0,0,0,118.2186986278916
0.38893403976692564,0,1,0,120.57759710202976
0.3976672776540223,0,0,0,119.55928296255642
0.5154969648604034,1,0,0,120.58879385538536
2.345835275203206,0,0,1,120.14330739008957
0.5010435104175266,1,1,1,125.08480395594599
0.6094248192772214,0,1,0,121.61100455629413
1.3412181550762317,0,0,0,120.93213508632955
0.12468462116353814,0,1,0,117.94403256978785
1.648135159817783,1,0,0,123.05780792135306
1.663867428059484,0,0,0,120.98296591910558
0.22944101694471453,0,1,0,119.80087551195204
0.4876172776148835,1,0,0,119.59437613516954
0.2539164079235616,1,0,0,119.57501918335672
0.4352600180286259,0,0,0,118.2362029149954
2.1139434830608987,0,1,0,123.69499977172813
0.20269254208794873,0,0,0,117.10528970702251
0.5141149837979626,1,1,0,123.60182660735408
0.7045273689961861,0,0,0,118.27460978248995
2.3175737174874853,0,0,0,119.89046578688178
1.2423289180745982,0,0,0,119.95336618862297
1.5919150091372158,0,0,0,119.45603811789393
1.1273049219684366,0,1,1,120.75584409716615
1.024861570828277,0,0,0,120.39079584394767
0.7958799767756723,0,0,0,119.96376622457039
0.8989023692329929,0,1,1,122.93744160001688
0.3956099592708153,0,0,1,119.57638792285746
0.3830269070314505,0,0,0,116.85066907092362
0.18931985901990667,0,1,0,118.77036968375258
0.6907352628760882,0,0,0,119.5916521414615
0.6535651049593953,0,0,0,118.22055749667084
1.6733962970400587,0,0,0,122.68208703267985
1.3228935138567712,0,0,0,120.12286807436456
1.490698776959887,0,0,0,120.70559193693715
1.0252339680720541,0,0,0,120.77194152420023
0.36375135295618694,0,0,0,120.314026866967
0.45276476001657895,0,0,0,118.23061689444751
0.3320773720340738,1,0,0,119.51353953360814
1.7533177764613601,0,0,0,121.48861459712438
0.1809255312342294,0,0,0,117.60538084048366
4.011508622896323,0,0,0,121.49103511772957
0.5623287084633594,0,0,0,119.30950932377317
0.3289195574853909,0,0,0,119.03743778979374
0.6054412611680945,0,0,0,119.39100515204083
2.383987737470839,0,0,0,121.7864575476524
0.7940895870916472,0,0,0,119.46306297621534
0.5519230070896399,1,1,1,122.86022161102775
2.668562576171409,1,0,0,121.87638386155473
7.9769567412146625,0,0,1,126.00043305341704
0.5943217257822367,0,0,1,121.61273357286706
1.0462936200557555,0,0,0,120.1880538071932
1.2795546025896731,0,0,0,120.20202236948472
0.8004204420416678,0,0,0,120.4867908650619
0.16944437484922675,0,0,0,117.44728826005178
1.7335989566838093,1,0,1,123.38025140602056
0.42567556260871453,0,0,0,118.27726814288401
1.7801440880958497,0,0,1,123.03375906941706
1.690871646906167,0,0,0,121.32824682572246
0.43622560245118885,0,0,0,118.40133013472493
1.499694727263754,0,0,0,121.10236715585353
4.074468666238395,0,0,0,122.23703849621027
0.8854014534217312,0,1,0,123.11022386182442
0.21757924919504398,1,0,1,120.19101296531684
1.6273777442381232,0,0,0,121.03595354847585
3.5952193335292115,0,0,0,122.30984138564546
0.4447113201893779,0,1,1,121.66091905419788
0.788164108696698,0,0,0,119.61995437789868
0.8528340370698757,0,0,0,119.54785540489677
0.3061796025921442,0,1,0,119.68947931088182
0.18034802469203248,0,0,0,118.19385602439988
0.9514072542755732,0,0,0,121.6220141160494
0.756901615727634,0,0,0,120.80674574281008
0.7091647940580451,0,0,0,118.90963701911782
0.3295770322086825,0,0,0,118.14127428315264
2.2227906832809095,0,0,0,120.53261345623945
0.28896565788318906,0,0,0,118.19163227352257
0.7947320933696257,0,0,0,120.30403450072532
4.451354020486726,0,0,0,122.54325349029298
1.9033753980647665,0,0,0,120.76211842230582
6.932629996234872,0,0,1,122.54979905360466
0.6170089391073459,0,0,0,119.32179423821239
1.5237673714425535,0,0,0,120.07716843232309
0.8712567439590803,0,0,1,122.4332442010617
0.4974489280938782,0,0,0,118.76967849481281
0.6886176581701312,0,0,0,119.9072430959966
0.20473425564749975,0,0,0,118.5005354047031
2.4023390167715313,1,0,0,122.91431590395607
3.504713126131943,0,0,0,121.44774680465757
0.7196143221350771,0,0,0,120.0196994293432
2.472807271811098,0,0,0,122.43365751454238
1.178320422956718,0,0,0,118.8533577564685
0.11951174779941912,0,0,0,116.05053566997393
0.31897638666069117,0,0,0,116.70342379938995
0.3862690233463879,0,0,0,117.3868109248679
2.7830387340352876,0,1,0,123.0939854563206
0.2728948039671695,0,0,0,117.80736814516973
2.272590303206317,0,0,1,122.74926369384421
1.15519369271485,0,0,0,120.06179968553828
0.6365369734711064,0,0,0,118.10012676653781
0.615023173917194,0,0,0,120.0979653515994
0.8754694838135973,0,0,0,121.40300275693842
0.10115676020358874,0,0,0,116.96606005406754
1.3147778665868222,0,0,0,118.55103879239866
1.0059244856125231,0,0,1,122.71186102798774
3.145205336520098,0,1,0,123.97780216540113
0.8235774915404948,1,1,0,125.4900162672034
0.3653603606454165,0,0,0,118.06421867715544
4.837973094584804,0,0,0,122.71416849049328
0.7345464998317986,0,0,0,118.92130112201264
0.11706253321855088,0,0,0,116.59920300722187
1.63349711273763,0,0,0,121.9148902265073
0.44619400772846857,0,0,0,119.50004993460442
0.7927384312169048,0,0,1,119.40311687142302
0.40963732063616065,0,0,0,117.91489868706303
3.041033390301164,0,0,1,123.0990934547156
0.23711395060144735,0,0,0,116.86459235082411
0.6319693881882205,0,0,0,117.37402223285603
0.2474118457380526,0,0,0,116.29851926801504
1.756354468168428,0,1,0,122.4107445858206
1.727055564625616,1,1,0,125.7070868317077
0.7563554996872761,0,0,0,120.59255186926598
0.37879576890927097,1,1,1,125.27989562455754
1.4054034998767284,0,0,0,119.32222631546881
0.9871506399220941,0,0,0,118.99646879416287
1.0339274658327375,0,0,0,119.90642109200971
1.0923113361539478,0,0,0,118.18805537292901
0.23886324033543146,0,0,0,119.03910443372496
0.8207105488140686,1,0,1,121.44733186464798
2.999044074093896,0,0,0,120.79421301795284
0.5715051965252362,0,0,0,118.66252487389056
13.422537796644205,0,0,0,123.1101246621843
0.2903135326715495,0,0,0,118.27717887610154
1.9909950317734029,0,0,0,121.63422707953556
0.6467994897658552,0,0,0,118.75721414406675
0.8229907657055574,0,0,0,119.42701164966367
0.27857431791311366,0,0,0,119.95972028777047
2.236664893594395,1,1,0,126.13186125593221
2.8150409790318345,0,0,0,120.70669653716986
7.320125433781579,0,1,1,126.93703417004838
2.3313756021727228,0,0,0,121.02624653677644
2.9094767846387795,0,1,0,121.4167020110107
0.3365271298394367,0,0,0,119.05699998774736
0.37441361517379007,1,0,0,119.12198172187665
0.2886873340205691,0,0,0,117.39505776132583
0.9857326145027259,0,0,1,121.75359156987597
12.658217602718558,0,0,0,122.94633088665196
0.3327870518159607,1,1,1,123.24664574957366
0.16950695863440288,0,0,0,116.85583620531257
0.7873745696843285,0,1,0,123.46344524959294
1.412076473300003,0,1,0,122.75255048064562
2.2705702577452254,0,1,0,122.43039329705566
1.5235835552126844,1,0,0,123.56021142199286
0.5421693542202368,0,0,0,119.24222820900162
0.3622838141444078,0,0,0,118.77359485739402
0.254431407965754,0,0,0,117.78370154529186
0.8276832472988221,0,0,0,120.66260869124919
17.96238750499262,1,0,1,129.43473946443117
0.6661627575623802,0,1,1,123.209167775979
0.7903966927734487,0,0,0,119.13441955327625
1.6154795755369666,0,0,0,122.42860721422312
0.7270580456183792,1,0,0,122.22340592062737
0.6653949815601174,0,0,0,119.83347231482567
0.24278892709449648,0,0,0,118.07628999925508
3.920653548085196,0,0,0,122.76016816080235
2.085360279886147,0,0,0,120.02542197973551
6.020134557562414,0,0,0,121.75168495796129
1.4730503532761379,0,0,0,120.89090413619729
3.579104304978525,0,0,0,121.80932780223384
1.5857466923661716,0,0,0,121.1850420127498
4.016840094061856,1,0,1,125.57767421124372
0.40708277238719165,1,0,0,120.88979940088184
0.732509793021548,0,0,0,119.84609837987206
1.143173352509768,1,0,0,121.40677566082545
1.4021108996609637,0,1,0,122.591154195022
1.363206078654109,0,1,0,122.29297193504425
3.50485793928836,0,0,1,124.70498792946223
0.4408265697330161,1,0,0,120.83896605813902
1.2008010756036718,0,0,1,122.90592315410464
1.2256160550445627,0,0,0,121.77392212349986
0.22084078291397566,0,1,0,119.99056704165655
7.522912980369992,0,0,0,123.01001371421934
5.727260246911338,0,0,0,121.67814840285472
0.4672528892789571,0,0,0,119.14204957293386
2.1377096028534597,1,0,0,123.17888058022196
0.5811542982134849,0,0,0,119.5260230802386
1.0082285056816398,0,0,1,120.84949955647168
0.05109692893108293,0,0,0,116.07912844251773
0.9267549685621885,0,0,0,119.0797191791686
2.443094735719433,0,0,0,121.76745886246013
2.11929311716122,0,0,1,121.89884563967438
0.16380061377763283,0,0,0,117.5366734352355
2.647152438097741,0,0,0,120.45273268115945
2.752260028153132,0,0,1,123.91813759300399
3.3401055768315855,1,0,0,123.59012863829948
0.26254132757476856,0,0,0,116.67884926111698
3.0008750815093737,0,0,1,121.21834189850321
1.1560130439701848,0,1,0,122.43736814373298
1.2753563251970363,1,0,1,120.0900261253839
0.12665920038594458,0,0,0,115.73254864158818
1.1326703409894052,1,0,0,122.3960521577154
0.739498589371475,0,1,1,124.3710558818017
0.8672044088901503,0,0,0,119.18008277601558
1.816172626101039,0,0,0,120.76906077341529
1.529118079942338,0,0,0,119.41493638799251
0.3802647349690212,0,0,0,119.30647821594681
1.071452269589218,1,1,0,125.06548729081939
2.3109931697271504,0,0,0,121.98434210026235
1.1442764514131878,0,0,1,121.8968703468848
2.200800926819862,0,0,1,123.03961866550898
0.3460961633788509,0,1,1,121.56821760844193
1.1221342788979483,0,0,0,121.8155691748169
0.546419484491082,0,0,0,119.69623231546856
1.0067820364401572,0,0,0,119.33764375379629
5.280661167238173,1,0,1,124.24006999892111
0.44093579651347536,0,0,0,119.33513835490807
1.0867287930522926,0,0,0,121.87705068503786
0.3578208197137703,0,0,0,119.43870641024323
1.2626970170908827,0,0,1,122.71453310211001
4.315992780979873,0,0,0,121.1808343059031
1.300199918862916,1,0,0,121.3433754407379
3.3790420416295652,0,0,1,124.68558918240213
2.061440561732338,0,0,0,122.49731723933392
0.3071315776376767,0,1,0,119.34104705041912
1.3653899811694534,1,0,1,122.56247175236817
2.323466498439502,0,0,0,119.28872918980761
1.2701273419100152,0,0,0,120.11829633166984
0.2604010206225231,0,0,1,118.23542530194322
0.5215870946475283,0,0,0,119.00231276002985
0.6663621373971833,0,0,0,118.20301434697903
0.38665330680568333,0,1,0,120.65712245109069
2.221364118150261,1,0,0,120.63044193418581
0.15647523943439462,0,0,0,117.61169873594213
0.3160303961372397,0,0,0,117.86014294997156
0.7549451122270158,1,0,0,121.38080845697372
0.787140445604642,0,1,1,123.47938375738288
2.9663518359077443,0,0,0,121.09045919551627
1.6260361374724035,0,0,1,120.69564783121145
1.1222294257920813,0,1,1,122.31312183682154
0.8845895892968916,0,0,0,119.24590740349657
0.47051825269998715,0,0,0,118.56312637052423
2.9111507716306044,0,1,0,123.36929040044785
1.2575775474422966,0,0,0,120.57130259782217
0.7818186271394453,1,0,0,120.65188591399398
0.5561948037980085,0,0,1,120.07902047044051
1.307943912435698,0,0,0,118.88131921047007
0.7495054039964699,0,0,0,120.56128044491868
0.11510596733594618,0,0,0,117.88937446730567
0.8512014856461686,0,0,0,118.96666047596973
0.9200902188264118,0,0,0,119.50743281859202
2.6758528007562883,1,0,0,122.86272454197699
1.6649655722201864,0,0,0,121.48622488607867
0.3510770012844111,0,0,0,117.98259566871438
2.3504493361606413,0,0,0,121.35241608118558
1.4940648162139378,0,1,1,125.03442917267259
2.8709903581089358,0,0,0,121.3432859598918
0.5240285465677361,0,1,0,122.9450211078865
1.475467168906498,0,0,0,121.10837158545233
0.9743317262885418,0,0,0,120.24499626187412
2.192080320030836,0,0,0,122.75185592893382
0.5243875027767235,0,0,0,117.67254520455361
2.1834660827302343,0,1,0,123.33806432568284
0.3839004569989921,0,0,0,119.09172458539064
5.425417010603049,0,0,1,125.7337179996798
0.555454313905324,0,0,1,121.2418792900176
1.965986595173178,1,0,0,121.26553346373433
3.463962879285666,0,0,0,122.16045016046345
5.175959981967077,0,0,0,121.89288039070314
1.2161553615560805,0,0,1,121.93235315949687
0.18153251855364524,0,0,0,116.64367102091298
0.39905886956863607,0,0,0,119.71210558754379
0.4246696886888698,0,0,0,118.28959051041629
2.65834646647863,0,0,0,121.87209149767602
1.4745580864730503,0,0,1,120.72934940104406
0.3078194177443141,0,0,1,119.39452914756498
0.2683714590065768,1,0,0,119.62633914595335
10.651209800823128,1,0,1,127.671680212638
0.9397668679983201,0,0,0,120.7398597845951
0.7494768915988923,0,0,0,120.33346652609195
0.908435394842736,0,0,0,121.55612637902894
1.1381048126536406,0,0,1,123.01663505298141
0.6027072633712297,1,0,0,120.55531680854477
1.5988402664941326,0,0,0,122.08556012894564
2.6011160102600606,1,0,1,125.01361843271697
2.340698383353312,0,0,0,120.93672172881196
0.9810804319336044,0,0,0,120.34856048707776
3.3081327831692646,1,0,0,123.38145324772458
0.4494782970243024,0,0,0,119.86440029445826
1.2894306169556415,1,0,0,121.04188109264265
1.953440229459072,0,0,1,122.90556511982423
0.9656924577974022,0,0,0,119.54392683901764
0.8312635749243181,0,0,0,120.78990437661757
0.68226456343707,1,1,1,122.84903636653581
0.21042179118453097,0,0,1,117.73023684749093
0.6875701403217971,0,0,0,120.17471425869634
1.7761201577469572,1,0,0,123.20395008322414
0.38491245764481136,0,0,0,119.24609841484335
0.931325533841048,0,0,0,118.19398833840026
0.7073429431151689,0,0,0,119.81352579541733
0.39572404747133516,0,0,0,118.78668060140936
6.992872584589512,0,1,0,125.31412840532944
0.3125432475330337,0,0,1,120.03197977037358
3.008255554732963,0,0,0,121.08559629061376
0.3814171031518945,0,0,0,117.7964179770425
0.22961309854856096,0,0,0,118.02355847480288
1.591009811793365,1,0,1,124.24275696487247
0.6607957077139202,0,0,0,119.34113635063403
1.6771520282734704,0,0,0,120.6234642598478
1.0811260890082106,0,1,0,123.48299589586027
0.9129342023829242,1,0,0,119.89628615849549
0.641129302735928,0,1,0,122.04634841032139
0.4981850782464474,0,0,0,118.4678609191934
0.2954676693360709,0,0,1,118.86161529938566
1.648990889142087,0,0,0,120.50169295617752
0.19945265100463525,0,0,0,118.3634103944113
0.8604564898855879,0,1,1,123.40529614117709
1.8989106001633986,0,0,0,120.51084425123322
0.30254398129752275,0,0,0,117.51208692401852
0.7191607540941592,0,0,1,119.87300176832964
0.9531618235700935,0,0,0,117.05021901391672
2.06306081612002,0,0,0,121.48810375105599
0.7716957975440842,1,0,0,120.92827343171008
3.3831333729738375,0,0,0,122.3768739009599
0.8658935865456103,0,0,0,120.10772915789983
0.18369983757691496,0,0,0,118.61086450878081
1.5463474423929193,0,0,0,121.93068681455523
0.1740114748741146,0,0,0,118.80470850869946
2.9385669435617383,0,0,0,119.69937503356105
0.44156058081121663,0,0,0,121.014656312246
0.4206765152676285,0,0,0,119.72184415936097
2.7048193643075447,0,0,0,121.1056383016591
2.2395748352511253,1,0,0,121.16346386417723
2.6310784700369676,0,1,1,125.61429921183912
0.6351229757590844,0,0,0,118.7754846219
0.6504867286250717,1,0,1,124.0809371111731
0.9358072252405547,0,0,1,123.00807615650076
1.3785005522096239,1,0,1,123.84743643695838
1.209353264703092,0,0,0,120.34778377223107
1.8983765955059593,0,0,0,121.82822249573012
0.8959021749193359,0,0,0,120.18670701769837
0.8746769753129302,0,0,0,120.1536386859218
1.3117764462970245,0,1,0,123.61136571890812
1.454693757602725,0,0,0,119.49410276394434
0.21149705481245534,0,0,0,116.77501629858678
2.490410832777927,0,0,0,119.70400449655035
0.22401952722063026,0,0,0,117.62559703951096
0.5880330439478842,0,0,0,118.78992336361136
1.138170043824495,0,0,0,120.22165742047221
1.7558873251506135,0,0,0,120.39788729687805
2.2622412350170578,0,1,1,123.62527132019783
0.9714838121037063,0,0,0,120.71200780008749
3.0545488873608555,0,0,0,121.98359067260675
6.877068397952319,0,0,1,122.00484737161939
0.7146082886186693,0,0,0,120.30554922570833
0.32000950906731035,0,0,0,119.11923181001863
1.501973247152771,0,0,0,121.88576216023537
1.3889530099038931,0,0,0,119.19574586499716
0.7058701948406849,0,0,0,121.39421662839521
2.3472758423509066,1,1,0,124.88668956583061
1.8157110187806391,0,1,1,126.58493073934031
3.6091613507981273,0,0,1,122.4416525779705
1.8921150022229398,0,0,0,121.12806816936752
1.1661760698635457,0,0,0,118.6709185340985
4.039678362348076,1,0,1,124.874406876514
1.8654487405095412,0,0,0,120.22673606581027
1.0357906228032017,0,0,0,120.35277063946094
1.82932068141258,0,0,0,122.68467660846488
3.630012049669812,1,0,1,124.9801951723309
1.6944846079450895,0,0,0,120.79330596557011
6.221892114547517,1,0,0,123.62936640803774
3.3325880689994145,0,1,0,123.5587106566072
2.9900020954588613,0,0,0,124.00476548312987
0.7460168623920642,0,0,1,120.83660098950511
0.18240965782160173,0,0,0,119.45998684360531
0.20773488910861165,0,0,0,117.63169985715928
0.5874591194838007,0,0,0,118.32562317368856
0.9674481161503644,1,0,0,121.70492633098881
2.8607300899903834,0,0,0,122.44723329295243
5.65638096699223,0,0,0,122.48101440111088
0.3409904697773434,1,0,0,121.53380116257641
9.23877480690389,0,0,0,123.62028193403724
0.8561139048050294,0,0,0,120.0297761233173
0.5838695460677955,0,0,0,118.29243331344581
2.5767827683247644,0,0,0,122.31193280181498
0.7117741366678144,0,0,0,119.08612520115992
1.8851927253217515,0,0,1,122.373712971026
0.48423586690485365,0,1,0,122.04862839734918
0.7447016929451086,0,0,0,120.7271521609768
1.2337278889193968,0,0,0,122.14082080462181
0.2964314932816997,0,0,0,118.815027375913
0.6404879445485355,0,0,0,119.87991219470153
0.1663584409191989,0,0,0,117.545882344143
2.929506290008783,1,0,0,125.10063705127381
1.6577773358088417,1,0,0,124.00591507132756
1.1683688661067804,0,0,0,119.43095496474969
0.532561410296552,0,0,0,118.45497123314242
0.793078075320444,0,0,0,120.13330390526673
2.2389194304581506,0,0,0,122.13671112919667
0.35810434147387676,0,0,0,118.32383587345393
0.4160706437452651,0,0,1,121.55199981839675
0.7779829563150487,0,0,0,120.81579849621328
1.514125346791411,0,0,1,121.8512022544427
0.5969428703477904,0,0,0,121.71214366363354
0.4089676501156615,1,1,0,122.76278992098177
0.563453351122222,0,0,0,118.86952323810293
1.486863052909064,0,1,1,123.65911303137638
0.9743583823185712,0,0,0,119.33933138418651
1.123461521270882,0,0,0,120.32249591708656
0.30523613809356737,0,0,0,118.49008713537889
0.623275777304036,0,0,0,120.85842222404983
0.615806338388747,0,0,0,118.56254048056869
3.4503086866604287,0,0,0,121.87254442981694
0.44554336733828304,0,0,0,119.01412513567648
3.532932089846576,0,0,0,120.82035395720736
0.2787540090819921,0,0,0,118.92513078911183
4.002872907224401,0,0,1,124.72368472596091
0.2792269718913873,0,0,0,118.31936012536269
2.1409094664191444,0,1,0,125.01112560004577
0.5459513487633209,0,0,0,119.2206588288099
2.9116820585127914,0,1,0,123.50746872199618
1.5047861393408943,0,1,1,125.9171345768775
0.18599314958880103,0,0,0,117.41066697462132
0.3350160151231173,1,0,0,118.58255301033135
0.6226112070623046,0,0,0,118.7536517565187
1.510384658622282,0,0,0,120.98632985887026
1.5261787406722536,1,0,1,125.62814094417323
1.2029179403525214,0,0,0,120.19978976512506
1.3441909729255754,0,0,0,120.29869368734133
2.1824901967767842,0,0,0,120.02088675061069
1.54165751577743,0,0,0,120.66958458824466
0.12524945499730425,0,0,0,115.72513316482166
0.5626072295274882,0,0,0,118.01818108413433
0.6978445242788909,0,0,0,118.91519683283778
2.85821651041728,0,0,0,121.63015998840105
5.158471384639601,1,0,1,124.58090942267046
0.2702419585785549,0,0,0,117.25031190875536
0.21462085463717911,0,0,0,117.36689466390717
0.8566273540394671,0,0,0,119.88873385414473
0.14809557538519186,0,0,0,117.24455279125011
0.39092556679901724,0,0,0,117.86370115661717
0.12981775017068603,0,0,1,117.32763291487765
1.2171773077686483,0,0,0,121.81358266228072
2.89106099473713,0,0,0,121.50752187851678
1.3445780354359498,1,0,1,123.6107665954128
0.8714084941998209,0,0,1,121.30669949420775
4.9302048007635975,0,0,0,120.22063847399201
1.4146554467560442,0,0,0,119.77630266073497
0.5640624961663988,0,0,0,118.61714388669247
1.36159678801594,0,0,0,120.95095187421208
0.7494580282851397,0,0,0,119.05757656818147
1.492173070477344,0,0,0,122.13094086008442
7.281992136644485,1,0,1,125.32951507762466
3.3574711775883013,0,0,0,122.24231896899053
0.29564773998995647,0,0,0,118.52420383995762
0.38635344608488026,0,0,0,118.17239307686523
0.6838427647493737,0,0,0,118.53669755310248
1.4953617595329889,0,0,0,119.84141931892212
0.7041242817915917,0,0,0,119.63843547110302
0.4420849834472825,0,0,0,119.23181127986082
3.815081791273309,0,0,0,122.39589178497972
0.3442242637919383,0,0,0,117.12416401453673
3.0676578026699644,0,0,0,120.90625994366741
5.528569219196428,0,1,0,123.66752435165793
4.323952294885502,0,0,0,120.92839101424023
0.6700565745074871,0,0,0,119.49408164790783
1.5581068929451771,0,0,0,119.91937224842613
1.496239307880608,0,0,0,121.49822438737526
9.801063270679006,0,0,0,122.8645584511801
0.31629771041853394,0,1,0,122.30340816467852
0.6019008975502387,0,1,0,120.68357200990532
1.7619739237580752,0,0,1,121.63884258430453
0.4129581226128944,0,0,0,118.44877993046936
0.3409753019243287,0,0,0,118.24775641956711
2.6663479843450526,0,0,0,121.61873882381826
0.7229401964386879,0,0,0,120.50649748582511
2.555389596939254,0,0,0,121.58896229789632
0.8751982718320916,1,0,0,119.34982587851705
0.8335845232868219,0,0,0,118.97718878496538
3.426140210480683,1,1,1,129.25887951004782
7.130220398225665,0,0,0,123.86151419533093
0.23024746323150308,1,0,0,118.17488481633585
4.288662481411951,0,0,0,122.17285060440634
0.9023466011861773,0,0,0,121.5365370608487
5.816713455502413,1,1,1,128.2499891349663
0.3283814769315771,0,1,0,120.61858306372146
0.5514938108990824,0,0,0,116.86551764022732
0.2306658694043518,0,0,0,116.6556460577202
0.17220814779277316,0,0,0,117.92660144388813
0.49226451242386654,0,0,0,119.49489371223333
1.872853304276833,0,0,0,122.24248907022755
1.7412870773152647,0,0,0,121.65912580821528
0.6892853656676452,0,0,1,121.69027477129008
0.27879318831722344,0,1,0,121.80921684479068
2.9463682864478162,0,1,0,124.66831246798563
0.6215960344251511,0,0,0,118.31202359286905
0.12561924075085784,0,1,0,120.04454144195304
1.3580129829753658,0,0,0,122.39567086098151
0.35105818228326086,0,1,0,120.10945172740203
2.465957787166184,0,0,0,121.46239104701985
0.8282053390646694,0,0,0,119.22113111549031
1.1130032617768424,0,1,0,121.12221425212019
0.7984732867786324,0,0,0,120.37037322259714
0.19355483321936617,0,0,0,117.69796021588847
1.3172699760140827,0,0,1,121.54895613474773
0.4721469443221614,0,1,0,121.33362230309744
0.16737618031287035,0,0,0,118.69746262179926
0.29423820755225616,0,0,0,118.06087072405573
1.6942771623760369,0,0,0,120.8086947723893
1.3978508291432092,0,0,0,121.61487370043709
0.8617384366260624,1,0,0,122.4735150975032
0.5862707742265587,0,0,0,120.89533715132217
0.38410905364965126,0,0,1,120.00137680039026
1.0090862452610008,1,0,0,121.77733846786518
0.4291364306220225,0,0,0,118.52904238243742
0.9557306747625403,0,1,0,121.91523751108498
1.265541038238642,0,0,1,121.72385428573608
2.949871796087746,0,0,0,121.20036265142868
0.5205385430321522,0,0,0,120.26650527019025
1.3707766260588488,0,0,0,121.4713857836951
0.20746783317831394,0,0,0,117.57687601972823
0.9723068636346084,0,1,1,125.35462162670456
1.452311495565549,0,0,1,122.71357698658811
0.27607924607667433,0,0,1,119.77604712583518
0.03942858101823811,0,0,0,114.49551399269508
1.2889177609019378,0,0,0,121.89297139578676
0.25222293288810055,0,0,0,118.19012127507241
0.6285023846915846,0,0,0,119.64299996791725
2.576459975515472,0,1,1,125.88541875206313
0.5344114418171382,0,0,0,118.51218815974727
0.8088208978581101,0,0,0,120.27359775237473
0.36283475637456053,0,0,0,118.97677334924525
0.3646561041718813,0,0,0,118.4172458329441
4.7175723701302505,0,0,0,122.45230529499257
2.4074542669102184,0,1,0,124.67531278639161
0.5257242788700465,1,1,1,122.88038080157492
0.13273989706101255,0,1,0,121.05934746343884
1.2991101663089817,0,0,0,119.69985863571985
4.811986950509474,0,0,0,120.05235332358119
4.22143663514604,0,1,0,124.64776090766163
0.6114567287123354,0,0,0,119.7454761816481
0.4864966761438839,0,1,0,120.40226017403147
0.4418037874036043,0,0,0,117.01307873740754
0.7266826598552117,0,0,0,118.87240893126302
1.1235044700309222,0,0,0,121.76470327382478
1.1088475050909576,0,0,0,119.63126315455781
0.995882904577703,0,0,0,117.07411974332209
2.147632254221921,1,0,0,122.59369939132752
1.7632922378185751,0,0,0,121.72921187496574
3.4931101133457707,0,0,0,122.68749590321119
0.2778417164711488,0,0,0,117.83499658299957
0.16911789829771584,0,0,0,116.81370408239856
0.8559507889194117,0,0,0,120.16726360798474
0.6126086674674112,0,0,0,120.09805500284604
2.093181393082782,0,0,1,123.47162582366994
0.4340025185259034,0,0,0,116.20035719597675
1.5619912354659837,1,0,0,123.66782087473078
0.3831821355853372,0,0,0,116.489964744894
0.670247348586123,0,0,0,120.43326401808257
0.8258982319823713,0,0,0,118.93778023973259
0.8835129639119197,0,0,0,118.92309624626573
0.250326480031092,0,0,0,116.57299234397043
0.5576220775707246,1,0,0,121.84556781777545
2.318246295077541,0,1,0,123.19446340724873
0.6527049186420271,0,0,0,118.98990628945819
0.2786654071271495,0,0,0,116.0031626493033
1.6157582205003416,1,0,0,122.45377205569044
0.3531719057369283,1,0,0,119.44411813132085
0.4551093642493869,0,0,0,117.89703426633865
2.166189875456642,0,0,0,122.17155173498375
2.0151406565517744,1,0,0,123.36902640488275
1.7372604415083468,0,1,1,123.4558403185547
0.16671402899883808,0,0,0,115.63111402328164
5.068331620587409,1,1,1,128.56019318745456
1.4683148114558267,0,1,1,125.0511113047733
0.38787073347751294,0,0,0,117.9777274312317
1.8315854763053625,0,0,0,121.63855194075762
0.7239537313434279,0,0,0,120.65834890071538
2.1090697929861553,0,0,0,120.62228874702889
1.228160258572696,0,0,1,122.06555796871817
1.0140905620513747,0,1,1,124.40181994363743
0.9240753151709588,1,0,0,121.52100718704024
0.14207220830189166,1,0,0,117.03622095321909
0.12486322490231377,0,0,0,117.2503313251967
0.07976955943061745,0,0,0,116.04647226701061
1.1020405878255457,0,0,0,121.85264653407877
1.1743930324624376,0,0,0,121.47203871431275
0.30766573474803255,0,1,0,120.58734309331402
0.509644185849238,0,0,0,118.84282692740774
0.3857522808828077,0,0,1,119.37423210604443
1.537416467960788,1,1,0,123.64961837643233
1.7458478320665956,0,0,0,121.63901286046247
0.45445582767332476,0,0,0,118.24042681469996
2.565182547888417,0,0,0,122.83539433799535
0.14745370825305948,0,0,0,118.61337769189488
2.6399188576149815,1,0,0,123.44657096840123
3.0367744299718393,1,1,1,126.71679262950327
1.3767082215800857,0,0,0,118.93141132716796
0.934129885906562,0,1,1,123.54907355732132
0.4226335270595879,0,0,0,120.02374656168429
2.8939308649937234,0,0,0,120.18570913564582
1.9714032560275194,1,0,1,123.98182818004906
0.31857605817666684,0,0,0,118.92464899541851
0.9277642673378633,0,0,0,119.70209159046388
0.6810925044508559,1,0,1,119.26708261205417
0.3805379003233701,0,0,1,119.07122191467234
0.151901325561134,0,0,0,118.81155026994168
3.183707130670111,0,0,1,122.90829687467115
0.5261935615004129,0,0,0,118.8534584346145
0.9591474900906851,0,0,0,118.3307962326107
0.7279855373852826,0,0,0,118.3193430308865
1.5090305979389147,1,0,1,123.84658095586953
0.28525367337114393,0,1,0,119.23727611486854
1.7943201464230396,0,0,0,122.47866651393787
0.6162967828273558,0,0,0,118.26310437303835
0.06241849137086344,0,0,0,116.15587145741856
1.3899019778739106,0,0,0,118.45966410764416
3.8448140271431033,0,1,0,124.1472811390127
1.4594159163159,0,0,0,121.96807153838054
0.7066921666883285,1,0,0,121.59771950321989
3.085596457089811,0,0,0,121.95495171148924
0.568638973543888,0,0,0,118.47031567862061
0.7371049130117375,0,0,0,118.22129978344954
0.39660626055950243,0,0,0,118.71537917211057
1.3841918951236136,1,0,0,123.04133589058488
0.29761357561059965,0,1,0,122.23677858982126
1.7034267599886443,0,0,0,121.16739614913413
6.514965869408252,0,0,0,121.78644388125507
0.7915059533441461,0,0,0,119.28251699964815
0.8420058932127877,0,0,0,119.20965615556467
5.1447715462906265,0,0,0,122.22401372114518
0.24465266573857672,0,0,0,117.61663755428899
0.6702876004532814,0,0,0,120.51093909103297
1.8550345982352956,0,0,1,123.13786481490307
0.4664992175573415,0,0,0,119.64117305216458
0.7315561245419726,0,0,0,119.35550067366175
0.94231139717721,1,0,1,123.43014294094188
0.9757700260441415,0,0,0,121.49072630134042
1.8354333734597066,0,0,0,120.84020620021008
1.5824596870459744,0,0,0,120.12913351570565
1.2357813438174294,0,0,0,120.47847474550078
1.1203354088737432,0,0,1,123.29049772894727
16.020053205716835,1,1,1,128.60282957206425
0.7233050882915912,0,0,1,120.89522681422937
1.0491312618229223,0,0,0,120.17419613180324
1.1242540382579844,0,0,0,122.42521992245116
1.1729267301722583,0,0,0,120.17017091307788
1.6517871884935564,0,0,1,121.63230099484774
1.2462319087817146,0,0,0,120.48560270423557
1.532084622404185,0,0,0,118.51289918225585
0.7761376489459986,0,0,1,121.56721797508114
2.164461242771845,0,0,0,122.33639845925252
0.7982080786206358,0,1,0,120.00471138441368
2.2490078748081306,0,1,0,122.09076125013941
3.8483621357534465,0,0,0,120.36827547957286
2.222155535983276,0,0,0,121.59119754634993
0.7881633426707277,0,0,0,120.81934103170575
0.7186388369524611,0,0,0,119.47468771512918
4.740138939048221,0,0,1,124.66519436213048
0.9970429081557837,0,0,0,117.83496154617018
0.5350628091409272,0,0,0,119.83614202141766
0.05993755760583222,0,0,0,115.6316126199793
1.902908055708064,0,0,0,121.51794743905447
0.33180840587736116,0,0,0,118.32544381055847
0.25543185537554475,0,0,0,118.37907401602348
0.7745889772275644,0,0,0,118.42712841673534
1.7700938965937136,0,0,0,120.93482443805648
0.4887354320220616,0,0,0,117.22528183710348
2.246034167916321,0,0,0,120.33394826911461
0.42229855909502556,0,0,0,119.55090355720523
0.4601799170175234,0,0,0,118.93598034064264
1.494652440280847,1,0,0,121.87975274671342
1.0348630170537843,1,0,0,121.81348341088639
0.8342060811647442,0,0,0,119.5431229304749
0.8397282415669842,0,0,1,121.12910495928854
0.986157375851527,1,0,0,120.5585116877548
14.57660723854713,0,0,0,124.74404274121798
0.18335551212708395,1,0,0,117.55214154352151
0.2937990306605084,1,0,0,120.48503187941488
3.1732741625577,0,1,0,123.88183837740306
1.3660428197622518,0,0,0,120.97690357090475
0.4604961485248318,0,0,0,119.22900383194884
2.5711727372640114,0,0,0,120.87228999141576
0.20651576770080943,0,0,0,119.05125403489062
2.2232607278337073,1,0,0,123.10737894612704
1.1527140616814828,0,0,0,119.97050179480381
1.2178560342164793,0,0,0,119.48531890656305
0.665845662977715,0,0,0,119.4483436362547
0.3999557387238434,1,0,0,119.78074103284932
0.3442352617313036,0,0,0,120.41947901249758
0.605440435387717,0,0,0,120.98916764986853
6.004522229126576,0,0,0,120.98978125338138
26.718745794182908,0,0,0,125.20010309361916
0.9788311025780718,0,0,0,119.07413650721008
1.1701973726937787,0,0,1,122.90726418073116
1.7192683401360989,0,0,0,120.16213960154704
0.272639094968355,0,0,1,119.90928488984787
2.1885002605153154,0,0,0,119.34908683244886
0.6977315826789051,0,0,0,119.878462568947
1.427331814947976,0,0,1,122.10688793104977
0.5133178515486423,0,0,0,119.82141456495259
1.9222066464661272,0,0,1,123.1812030975227
1.0497658573039834,0,0,0,120.08450667989206
0.5912375116186147,0,0,0,120.52737765497834
0.8640122731301121,0,0,0,120.5185210241079
8.72885211463613,1,0,1,125.649903220506
0.6486660824964712,0,0,0,118.68299697931435
1.1975202404729326,0,0,0,118.89928945032513
0.4725356352355362,0,0,0,119.04228166157588
1.2056829300262328,0,0,0,119.13440538996512
0.29689487741016424,0,1,0,122.0275240660661
0.21324884956463513,0,0,0,115.10815573639324
1.9843551465825857,1,0,0,121.72655537128394
0.089532573572351,0,0,0,116.26136011883759
0.6906726535096362,0,0,0,118.57522013158214
0.1279876589178214,1,0,0,117.12632576068408
1.5878860714707308,0,0,0,120.95367502493578
1.9575880287876375,1,0,1,122.98541032878954
1.5327990658662765,0,0,0,121.64437799091372
1.512588991511548,0,0,1,121.61348081118828
1.449793159697239,0,0,0,121.33877139742151
0.4680446814120852,0,0,0,118.33110049157816
0.12118208172221,0,0,0,116.63617329151187
1.4483351425302393,0,0,0,120.82225536434416
0.9456676849832273,0,0,0,121.45904423322409
0.602678820171222,0,0,1,121.49392440373113
2.506439905394345,0,0,0,121.85148684130823
1.2319169837587014,0,0,0,120.52644456580575
1.2780033390860632,0,0,0,121.15489846668311
1.265217095684367,0,0,0,120.07322768461637
0.32741468213827113,0,0,0,117.58191109282559
2.1430906647288652,1,0,1,123.30820535817908
3.1403453160363437,0,0,0,121.28456129413837
1.5804942302995983,0,0,0,118.45726908211917
7.404669171825132,0,0,0,123.62106349352243
0.5763553134959654,0,0,0,120.59789890322422
0.1685383696812186,0,0,0,117.69868293371272
1.2789217688045242,0,0,0,119.19595660921135
1.8651782379820658,1,0,1,124.31729461946021
1.2567359667170628,0,0,0,119.58374253521383
4.757541417579664,0,0,0,121.95178978697122
0.5270040074793172,0,0,0,119.33146837723818
1.8874258682000664,1,0,1,124.12518656431665
0.24710721167509822,0,1,1,121.66273791164015
0.5426117387742901,0,0,0,118.78351884147509
2.344391763967892,0,0,0,122.18371461952171
0.7750559082945007,0,0,0,119.7098954238895
2.3820246942307213,0,0,0,121.6871068038377
0.3707743245343511,0,0,0,116.58207442891604
0.5623142035579154,1,0,0,119.71148698095271
1.1869107894792639,0,0,0,120.35783942837917
1.343380731587166,0,0,1,122.97166260037606
0.3622364308349279,0,0,0,119.0564888096318
1.2274958566394185,0,0,0,118.59522960621604
0.6579926166320746,0,1,0,122.42590767042086
2.300871825664251,0,0,0,121.83609296092088
0.7060777005046862,1,0,0,121.28103333630736
0.34421783940016537,0,0,0,121.064231497457
0.7944875075072081,0,1,1,124.9341704307867
0.4320587309839783,0,0,0,117.33344233448837
0.7136544774194888,0,0,0,120.0345896397989
0.3770542356982909,0,0,0,118.92850602162288
0.30093230780986285,0,0,0,119.21828242418164
1.4676872837287376,0,0,0,120.93691483036976
1.1804529496973737,0,1,0,123.35222462825875
2.0880829502142713,0,0,0,121.27008785507039
1.1071306716964655,0,0,0,120.44761228972841
0.75149070189726,0,0,0,119.84895354287066
1.7574920731198878,1,1,1,125.80371032985433
3.442389998659719,0,0,0,122.30211961283898
0.8661147016397445,0,1,0,121.13123531279238
1.3456599526250532,0,0,0,122.38974472937426
1.7765614007270354,0,0,0,119.63092107839863
8.846213703333042,0,0,0,123.04977102965373
0.9138284307432915,0,0,0,119.8654889092273
10.393897063754018,0,0,0,124.10258563672195
0.0574580870021426,0,0,0,115.37954653012541
2.373964765827815,1,0,0,123.35121740382971
0.15341497505903345,0,0,0,117.7139621966895
0.5380902284620848,0,0,0,119.2800115715031
0.4642957765733242,0,0,0,118.55431496688037
1.0906696785078105,0,1,0,123.0283972619881
1.254866225978337,0,0,0,120.48053390787845
1.0021896325970825,0,0,0,120.62002687571973
0.24538463147716597,0,0,0,117.48189121988219
0.34069928406772226,0,0,0,117.4996452568474
0.9768166192728144,0,0,0,119.43592937334442
3.53453820611911,0,0,0,122.22441171488896
0.62166607820588,0,0,0,119.56445822370745
3.628047938238188,0,0,0,121.9384311657234
2.907834241415357,0,0,0,120.1046203739898
0.8280272309444017,0,0,0,120.53275056674225
2.604206927543241,0,0,0,122.11120217870057
0.35261112101620495,0,0,0,117.34621256857436
2.769766834129519,0,0,1,124.82435778224541
2.300859776725722,0,0,0,121.3203747064591
0.728199104640212,0,0,1,120.98062044820949
1.5865933412694095,0,1,0,124.11050827384955
0.23889766279794783,0,0,0,120.07661633462226
0.8612265411695883,0,0,0,119.52639989523489
0.6713748073145069,0,1,0,120.87552924222291
0.8756646305788304,0,1,0,122.05169448892205
0.20405538632289327,0,0,0,117.85991109554823
2.3331740773447507,0,0,0,121.34467101665669
3.459341522922028,0,0,0,123.04515381098213
5.5541091183759175,0,0,0,121.9660875609108
2.767672417868033,0,0,0,121.66579843014694
2.0019381889741314,0,0,0,120.75940993329918
0.21795725810960503,0,0,0,116.78740294964692
1.482250603352239,0,0,1,122.21658365237072
3.7428637756535466,0,0,0,120.1680110018058
0.15183182816767182,0,0,0,119.2873531329713
1.7467329058874614,0,0,0,120.91887610518968
1.1729088984224063,0,0,0,120.27080904456373
0.996561694615639,0,1,0,122.32141882806125
0.82095721200898,0,0,0,119.36343514451633
1.1274230253658184,1,0,1,121.95587085134002
0.5986659938779738,0,0,0,121.29470743716047
0.8806577203167751,0,0,0,118.32303519336614
0.7315571302033805,0,0,0,117.38009997603427
0.5154358145581499,0,0,0,118.74563411638158
0.8408522702557513,0,0,0,117.51982730075028
1.0252204024272513,0,1,0,122.69177338818254
1.5333781684598067,1,0,0,122.1936543120592
1.1049355532119511,0,0,0,120.42313709856515
0.4337684426159858,0,0,0,118.58066715460772
0.5545942327204948,0,0,0,120.29502950572545
1.5144993662176807,0,0,0,122.51988199226025
1.0115579568140185,0,0,0,118.5086783067783
0.36470207708314445,1,0,0,120.49853489347409
0.10713149098941142,0,0,0,116.87896608931074
5.2928255345428346,0,0,0,120.34228953036126
0.8979844004145727,0,0,1,120.51969592236203
0.4584657687388639,0,0,0,117.35981659892927
0.39172996391640263,0,0,0,118.21656207906419
3.5909007622494,0,0,0,121.02205447497953
1.0075110100837887,0,0,0,121.68118973478643
2.919796067892512,0,0,0,121.00961774467508
0.17090582860162107,0,0,0,117.47323621164767
1.9925288059544535,0,0,0,121.56310694245722
0.47658718732334754,1,0,0,120.43072705778056
4.262050243992861,0,0,0,122.29402012728019
0.9468404100841863,0,0,0,120.90058727734561
5.472208093705232,1,1,1,128.05081246251245
6.416296274172526,0,0,0,121.82278841281561
0.45200476293638575,0,0,0,119.37937148002439
2.8484163392097903,0,0,0,121.65595342269911
5.899842424353642,0,0,1,124.0090506086538
3.2493216337894046,1,0,0,122.69581945639537
0.68233460863455,0,0,0,119.48244343314788
6.365102210232966,0,0,0,124.0535035087415
0.27363882504563064,0,0,0,117.22451064149958
1.4414040201745817,0,0,1,122.49250780461276
1.2927704990464675,0,0,0,120.82561768281113
2.8746567275916313,0,0,0,122.02504910946246
7.7058087065334835,0,0,0,122.70401770336716
0.8943528211561567,0,0,0,120.60522205028322
0.6437467929797841,0,0,0,119.36594513630124
0.5435502392063983,1,0,1,121.07568557672705
0.8442498531205955,1,0,0,120.43849713199239
0.6164536715554533,0,0,0,118.83385591071854
0.4974045167968305,0,0,0,117.18503389101109
0.9750373213738994,0,0,0,120.24742218552359
0.6937574309619292,0,0,0,120.22808714545553
2.5753625446640442,0,0,0,122.30554553270079
0.06876144173905319,0,0,0,115.9645923709395
1.977867226861849,0,0,0,120.8651670701756
0.911570529328638,0,0,0,120.33665921553076
0.503009803754675,0,1,0,121.62951691784767
0.9751919738507215,0,0,0,119.4890965003774
0.8712049018352771,1,1,1,124.94712096399634
0.9001967579737848,0,0,0,121.38320928950884
0.8750841477432806,0,0,1,121.33988874306407
5.733946792469861,0,0,0,121.74594555142474
0.6504716170032429,0,0,0,118.02229821213277
0.6769675130618177,0,0,0,119.292844116908
0.21091183239995975,0,0,0,117.37571699614396
1.5387446792512722,0,0,1,122.45567892548006
7.909599681685584,0,0,0,122.8346118638987
0.4506299702738455,0,0,0,118.06629502841994
6.0694143315510605,0,0,1,126.91246947345002
1.3309193251191804,1,0,0,122.1966235181619
1.864545848117302,0,0,0,119.8177131756172
2.802494038892957,0,0,0,122.67449004200613
2.1523030697083225,0,0,1,124.83639174988295
0.9586921620782843,1,0,0,122.25748648217159
3.0328974096405337,0,1,0,122.72820385680478
0.41624288820057587,0,0,0,118.94768792120622
1.5533267883259985,0,0,0,120.83448897892073
0.969398627131031,1,1,1,125.21747338027599
0.884225479137189,0,0,0,119.9327642988248
5.213700492646872,0,0,0,123.2527708918103
2.7266060777860543,0,0,1,122.31916265903443
0.8878267783142157,0,1,0,122.10006783177293
2.7368475390042137,0,0,0,121.27959755380846
0.9328342388332201,0,0,1,121.72876891844831
1.9934839637926607,0,0,0,122.06357864089769
0.24567889729026082,0,0,1,118.23841335183577
2.1620512602001543,0,0,0,118.32320993521644
0.6421575857573372,0,0,0,119.1304866859583
1.0844092469125581,0,0,0,119.96128660408122
0.6205703621684144,0,0,0,117.72129361039767
3.281545948406135,0,0,0,122.06232951119769
0.7870147208815612,0,0,0,118.92315307930069
1.4819266301855594,0,0,0,118.19070662880021
4.579263187939088,0,0,0,120.97451151236136
1.3502609043669893,0,0,0,118.58435870709151
0.8229503707806657,0,0,0,119.53632396507275
6.36396151243172,0,0,0,121.8648160792579
0.8576807748026644,0,0,0,120.88235151897766
0.5989859911698628,0,0,1,121.40639180040876
0.32156148571177035,0,0,0,115.85560163826676
0.33157921793431844,0,0,0,118.95220644142833
6.001887490588842,0,0,0,124.21273354567023
2.78354424876917,0,0,0,121.97022960345865
0.3198987012141531,0,0,0,120.35375268323114
0.34145195010153334,0,0,0,118.789059382539
0.2358024798684582,0,0,0,117.02940632744625
0.5015129794532872,0,0,0,118.24873051097008
0.6183274494980381,0,0,0,121.0037039030061
8.564082531274972,1,0,0,125.16303957313436
2.4439393628438686,1,0,1,124.36551766276182
1.5272607917664243,0,0,0,121.3408049084391
0.23270992641428898,1,0,0,119.3058186705844
0.753110240239936,0,1,0,121.55578679379265
0.36599184557377,0,0,0,117.81860701815984
1.6709910977123459,0,0,0,121.71081273624293
0.34945472242015,0,0,0,116.57490215618807
1.048563168708965,0,0,0,120.23760710199896
1.6911808261177195,1,0,0,121.86605038253897
0.4828384169030297,0,0,0,119.55238056326066
0.4555096956087684,0,0,0,116.90671743311941
1.168959548134698,0,0,0,120.0887146295239
0.6370515486885656,0,0,0,119.33159684730414
3.3093069668574095,0,1,0,124.13942626725306
0.5348364741310657,0,0,0,120.280232146775
2.5953505297921797,0,0,0,120.95713403817864
3.321978957148493,0,0,0,119.6883387928631
1.0668605379135392,0,0,0,121.44434523227979
3.204107314208404,1,1,0,126.93850283007713
0.9907225804397747,0,0,0,121.35144501620363
1.2439029472588128,0,1,0,123.28861782089261
1.4269856806938033,0,0,0,119.45749489886624
1.2054011975368142,0,0,0,118.73870621009824
0.7720524415727311,0,0,1,122.67351812078876
0.3948094311232253,0,0,0,119.7977873807238
1.1490969978619683,0,0,0,119.22665029392338
3.191981878871395,0,1,0,125.2368117551903
0.5800250885476487,0,0,0,118.91726651184072
1.8947680372277897,1,1,0,123.43267897235307
0.8121786906627665,1,0,0,122.16281559686458
2.743983764952748,0,0,0,121.22905498684004
0.6298631996031303,0,1,0,122.16890146761304
0.7581457778337599,0,0,0,119.86701369054795
0.4013475208673543,0,0,0,118.27047228339013
0.10171850039070994,0,0,0,116.52068272195143
2.8076094998590664,0,0,0,122.24832776720308
1.0462236495745032,1,0,1,123.97252013982819
0.9135987802904426,0,0,0,121.97475458902805
0.2057562183789124,0,0,0,116.07795601734324
0.9416552661306425,1,0,1,124.27378029163275
3.0495619631016746,1,0,0,122.31748373337598
0.959264038749307,0,0,1,119.74652348505415
1.6568783822759299,0,0,0,120.4669005289783
0.5241583826443313,0,0,0,119.37407462052128
9.538185668502225,0,0,0,123.52829243315023
0.16096102327879924,0,0,0,119.49996342278892
1.0853669677695115,0,0,1,120.43678604646728
0.37207284210719965,0,0,0,119.13885672973876
4.3351131687497,0,0,0,120.65163062398697
2.163599651048996,1,1,1,125.66182562008622
1.1774691446791241,0,0,1,120.48965059238462
0.9633649303990712,0,1,0,121.41367350666616
1.5376834961529342,1,0,0,121.86741579137008
0.4579004674463329,0,1,0,121.63643059626273
5.012811398463845,1,0,0,123.73108934686483
0.714841693245899,0,0,0,118.94835862100018
2.3299239141346053,0,0,1,120.64558004634593
0.5810280262413453,0,0,0,117.19755336124248
7.374123472584337,1,0,0,124.07074427352865
0.3267682290616636,0,0,0,117.84490679794163
0.6449037502610825,0,0,0,121.40633395175877
1.5027479408128337,0,1,0,123.5681599480264
1.3884778743602804,0,0,0,121.69136558108941
1.3577857869141108,0,0,0,120.96037464834146
0.4264674408184652,0,0,0,118.0553929557818
0.30785882618664817,0,0,0,119.42264115825539
0.6226783461822816,1,0,1,123.46347726104338
0.22587103089373486,0,1,0,119.0961079448177
1.4366061451083327,0,0,0,121.0127754130695
0.9851399730417268,0,0,0,118.40173431161789
1.1569328884902017,1,0,0,120.7790096396787
1.247950957970099,1,0,1,122.86942268534536
0.15238590936042096,0,0,0,117.25978690566065
0.3250573512968185,0,0,0,118.43344462606395
0.31961530892907286,0,0,0,117.61040434924573
0.4097647641709346,1,0,0,122.31552712854369
0.38300072227786136,0,1,1,123.48352737574359
2.2117830191197476,0,0,0,121.91006622978401
5.981437087696221,0,0,1,123.31323613053961
1.402811555508246,0,0,0,120.95116907143873
0.6854971489314095,0,0,0,118.40880561483792
3.5621365910727256,1,0,0,122.47307133562882
1.6733004812447434,0,0,0,120.91432547716457
4.739834053177009,0,0,0,123.9030981168713
0.3868368330515776,0,0,0,119.62289771069482
1.0339421576115122,0,0,0,120.3663037219648
8.18256488868393,0,0,1,124.3776794192741
0.5151320305453189,0,0,0,119.38076764000438
1.731617014888843,0,0,0,122.92774655872851
0.6230977745590279,1,0,0,119.11087690664385
0.39365416811680787,0,1,1,122.67682795373092
0.914838075460095,0,1,1,122.60511612200405
0.9839638865484973,0,0,0,118.33612253232144
0.312712623178463,0,0,0,116.99315861946842
1.8360035946420818,0,0,0,120.12729794868781
1.0371543600057773,0,0,0,117.71125809733161
1.631370102455398,0,0,0,120.63743308531433
0.5469881177292775,0,0,0,119.7762522973569
3.3528631939277664,1,0,1,123.59017924579128
0.7978557201237813,0,0,0,119.89458447405515
4.766263281997743,0,0,1,122.59446937464382
0.4053132285976307,0,0,0,119.88350454688074
0.8253037041870364,0,0,0,118.24367342870714
0.22166451261930234,0,0,0,118.32741820938823
1.085344663148223,0,0,0,120.93958538581127
1.6186339123989433,1,1,0,124.49834680727872
1.2067666999730808,0,0,0,121.30486480135575
2.42442785465439,1,0,0,121.9769787821634
8.133120667940986,0,0,0,124.23229209562368
1.920002611134617,0,1,0,122.68404971068878
0.2609393882824029,0,0,1,118.96996561953361
0.9223475086570315,0,0,0,119.40061002210575
1.693143120489541,0,0,0,120.95239881376983
0.4341406078417717,1,0,0,119.67768779602059
0.4436739861628154,1,0,0,121.41084065208554
0.5950632148670741,0,0,0,118.88028737798844
3.410119033349387,0,0,0,122.85221051443702
0.4602392256758189,0,0,0,117.99881150434874
0.3439948789066493,0,0,1,119.41304724660553
1.9601708401362399,0,0,0,121.45615391204032
0.6958973120228503,0,0,0,120.17279756613065
1.1910224037719352,0,0,0,120.32275008760182
0.29517610378283515,0,0,0,117.87103593122576
0.40013796668040147,0,0,0,120.16903354242667
3.4327922313687838,0,0,0,121.50063618518068
7.541350723461447,0,0,0,122.10430962095316
2.1697566285395635,0,0,0,122.05441736939558
0.86751324299397925,0,0,0,120.46535255029555
5.186477341012243,0,0,1,124.43463256450111
0.7055027854602357,0,0,0,120.1718759772615
1.2297488530165834,0,0,0,121.78370336702307
1.6248801985240415,0,0,0,119.18348230960244
0.8479508856467365,0,0,0,120.09608360346623
0.34506456415124137,0,0,0,119.73002858459866
0.28439933255736227,0,0,0,116.03104592272855
3.4797227438275398,0,0,0,122.67328794290773
3.5728059066495095,1,0,0,122.03120535298694
1.4349537776754309,0,0,0,120.33936471154189
0.1499803569313113,0,0,0,117.89032775983051
2.3613980367508165,1,0,0,123.48032293795485
0.42170272204769416,0,0,0,118.47338392963091
2.2735594717774616,0,0,1,122.65636804204391
0.39343857177106284,0,0,0,117.6553527366511
6.629885643823588,0,0,0,123.73908926006233
5.04493930585176,0,0,0,123.09591250693461
0.5172382835681085,0,0,0,117.54292747336876
2.5492719759066054,1,1,1,128.7372701456142
0.8470291488264675,0,1,0,121.53160821886276
0.6628244719614278,0,0,0,119.72037893071479
3.1353878363104455,0,0,0,120.21430717621571
0.3204616828601385,0,0,0,117.59559459515233
4.454280589083545,0,0,0,122.97360260610004
0.7677371595003002,0,1,0,121.47846478363829
0.6354951845955297,0,0,0,118.24000193116946
3.7049853501390357,1,1,1,128.10283049783786
1.4646807469981407,0,0,0,119.88966037074631
1.4525368560452718,0,0,0,119.28141914156349
8.341298971168499,0,0,0,125.82787036583244
0.48498084413483444,0,0,0,120.15298681790516
1.1674989330940306,0,0,0,120.58675498616961
0.8161050805090497,0,1,0,120.4573532883841
0.28253161747593497,0,0,0,117.66685227566485
2.009349085468694,1,1,1,127.30221157384096
0.7710646355946909,0,0,0,119.39600239316455
2.1492354983648134,0,1,0,123.87018471328344
1.2244978776659805,0,0,0,119.3505728612309
11.737916318403249,0,1,0,126.17930305998941
0.7966493865300408,0,0,0,121.24063948120804
1.1029014122909282,0,0,0,119.33939588068617
8.43690243591887,0,0,1,126.54626840005788
2.3711940376254517,0,0,0,121.20948126632912
2.253504848630112,0,0,0,123.1136216871268
0.634641189340185,0,1,0,122.04761157220484
7.459900885546034,0,0,0,123.44666122438791
1.2857431531468424,0,0,0,120.28369990703827
0.7128001821434341,0,0,0,120.1561173290959
7.726837754284013,1,0,0,123.74009269040677
0.1419698709833959,0,0,0,116.53716605596115
0.2299962323199805,0,0,0,116.57158182040715
1.1934439065957743,0,0,0,119.90216889224138
1.928402627404877,0,1,0,124.32135520201494
1.2688495475056187,0,0,1,123.0439530327309
0.5377352275344737,0,0,0,120.67510625600696
1.1054285639090897,0,0,0,120.85214780760731
0.191343008819202,0,0,0,118.0060037777651
0.8959106019508793,0,0,0,121.0242306560402
0.524459961694661,1,0,0,121.42036680793373
2.2545786899408053,0,0,0,121.28592071746272
0.13486983717285633,0,1,0,119.35045128331055
2.131460753856679,0,0,1,121.93188794493982
4.665021629029778,0,0,0,120.94658222509374
0.845229388575716,0,1,1,122.53736156027368
1.4250658087379124,0,0,0,121.51339847052027
2.17051946418573,0,0,0,122.40569698636104
0.27354249771631084,0,0,0,121.24300842790433
2.692800107895822,0,0,0,120.31278988097004
1.4577068760429812,0,1,0,121.91368551192537
4.242762202311266,0,0,0,122.8752033508436
1.6895115890773087,0,0,0,120.27754625098032
0.3997233263568399,0,0,1,119.70581187415192
0.5179254897746642,0,0,0,118.3421076235033
0.7171827086488964,0,0,0,120.96283736080078
1.1176723250794036,0,0,0,121.14415078867927
0.4532365628971679,0,0,0,117.52221053060133
0.17641535245755605,0,0,0,116.63454372176217
1.0873061637545194,0,0,0,119.66158004001181
0.7929979476383344,0,0,0,119.60640841374364
4.035042172810539,0,0,1,122.4310198510899
5.558457560569581,0,1,0,125.15413699447812
1.0648725739077882,0,0,0,120.25128941622766
1.4580953863750181,0,1,1,124.35993915620732
0.5886402297102102,0,0,0,117.96617587009287
3.1012851569924673,0,0,0,118.90625511904925
0.3568842014374803,0,0,0,119.20428773441904
1.1888098832634055,0,0,0,119.10521055278655
0.4238455264512515,0,0,0,119.11394422332008
0.5909995877510379,0,0,0,119.93009378102393
1.2445139810981134,0,0,0,121.39360164473469
1.2526163344801298,0,1,0,123.02248164595197
8.41124449237693,1,0,0,125.88222809638742
5.081461326687777,0,0,0,122.28410337037978
2.1632810731476715,0,0,0,120.83620719302432
1.3196781706936207,0,0,0,121.21893573507313
0.4130759376812637,0,0,0,118.0452748884446
0.9858824890900211,0,0,0,121.18043058778045
0.93294272196089,0,0,0,119.70982958456563
1.3135104794470225,0,0,0,118.923568003809
2.1090612387199785,0,1,1,124.88120489530054
3.319992323665009,0,0,0,122.75120753569053
1.587425424094559,0,0,0,121.20291730851113
1.8498981758963098,0,0,0,122.25485686274374
1.0578527232515316,0,0,0,122.27718394188577
1.8477730726458248,0,0,0,120.35623448589503
0.5072105669917744,0,0,0,119.83846489340046
0.9805336168275184,0,1,0,123.85316623731812
0.7071445319737893,0,0,0,121.06867622512962
0.40112278778255167,0,0,0,120.28098737526892
0.3218918703663646,1,0,0,118.32149817217355
0.997739789058646,0,0,0,119.96935312497043
0.7748957352021459,0,1,1,123.51785598188744
2.7374860874898537,0,0,0,122.26472547040771
0.5328934498358618,0,0,0,120.50274110907866
2.3771997935327214,0,0,1,123.04125003412764
0.19440970147998132,0,0,0,117.82107000121502
1.4488699825604037,1,0,0,120.86349954336909
0.4311790950324076,0,0,0,120.02327786465575
1.6969840951150676,0,0,0,119.65223688810022
5.713729075495644,0,1,0,124.38644300866173
1.3696142578399157,0,0,1,123.19338562836049
0.4275131292661102,1,1,1,124.02317282081661
1.1767983487547322,0,0,0,120.3172517960287
0.610559199676981,0,0,0,119.04224619392426
0.5680199081698445,0,0,0,120.84492336688594
1.3593972729186397,0,0,0,118.56560853617209
6.3642459788093895,0,0,0,123.53075861716326
1.2630621699061422,0,0,0,121.46570446985615
3.3478118655502267,0,0,0,122.18719021449802
0.6104276583361384,0,1,1,122.45494678626312
2.443828476068829,0,0,0,121.16789936212807
0.40406826507071447,1,0,0,120.0889644959176
0.16334981067769533,0,0,0,117.80198820951331
1.326181403447809,0,1,1,123.29068752415387
0.89303272657602,0,0,0,121.09641300906331
0.8140934405460193,0,1,0,122.14263181772253
0.7938016932588566,0,0,1,121.48031025664604
1.508733237887653,0,0,1,123.42389905344461
0.7570486247573576,0,0,0,118.67358159998743
0.306712391372907,0,0,0,117.6896627081525
0.3846581934548553,0,0,0,119.06315124174392
3.325688255967854,1,0,0,124.07179055333609
1.7425381674888518,0,0,0,121.67374413016698
3.7596092756720507,0,0,0,121.88560246459764
0.5288405329416822,0,1,0,122.31691844391563
0.13292251034703603,0,1,0,119.87852655145036
0.41357888255319764,0,0,0,118.90884826294939
1.2286543608114937,0,0,0,122.5093488341295
2.756988684983126,0,0,0,121.25079135898054
3.2162191047916058,0,1,0,124.3469066199597
1.2872514590088202,0,0,0,118.57302973038215
2.836714101007318,0,0,0,120.43663442036578
0.38474733035440534,0,0,0,119.03795531184201
1.508546242446087,0,0,0,118.98980968127707
4.562160456464792,0,0,0,120.80176740272204
1.111881641457003,0,0,0,119.87117424571235
0.18064439726792098,0,0,0,118.23527774294098
0.12255926888014247,0,0,0,116.20501377720609
0.5359805835858172,0,0,0,117.97765730742046
1.3655013246574246,0,0,0,118.98292618534514
3.8335179032480458,1,1,1,127.43674230204253
1.823070446737575,0,0,0,121.1293632000117
1.7977967087789732,1,0,0,123.04127341491534
0.21546379414581243,0,0,0,119.58351828035617
0.6902253716723794,0,0,0,117.70109482808427
2.429633320200311,0,0,0,121.61584136126417
1.3904653102161484,1,0,1,124.64219493300624
0.35947576891329613,0,0,1,119.45782515406938
0.9615346118176268,0,0,0,117.27075003311523
1.8640471831233054,0,0,0,120.87418920827409
2.556233949614639,1,0,0,123.62068352379364
0.7399715268312045,0,0,0,119.29644425025498
3.5567230546831223,0,0,0,121.26478428257406
0.06317336793164234,0,0,0,115.2607428198258
3.8754895359119113,0,0,0,122.39125308471513
2.280018270607126,0,0,1,124.08588730287492
0.7595873589348096,0,0,0,119.82925473690304
0.19876681354871875,0,0,0,118.666491037204
0.500769665535258,0,0,0,117.6885525550533
1.6480817458179697,0,0,0,119.02635434812709
1.2080285631256544,1,0,0,122.26008813045526
1.1850260738217588,0,0,0,122.79662593862437
0.6937025712023162,0,0,0,119.27239791752764
3.94393939686643,0,1,1,125.91815269806438
0.9857042762492375,0,0,0,120.94443371567189
1.6922120524935982,0,0,0,120.57110775736291
0.9180630730877178,0,0,0,118.8024571322333
0.4499616005931404,0,0,1,120.41769280249991
1.1971716489442543,0,0,0,121.97707321554239
0.8944853864400001,0,0,0,119.28027104110194
1.5152574403777737,1,0,0,121.45762026722666
0.5647409741626929,0,0,1,121.89189742827479
0.5394220782971834,1,1,0,124.37895069074986
0.5604199716008808,0,0,0,120.83260339101825
0.7804386855716982,0,1,0,123.57126549863678
0.2504720658347958,0,0,0,117.1428995646145
0.4446406451470794,0,0,0,121.47239055462484
0.7900957926008262,0,0,0,118.5355373844375
1.0366974522826364,1,0,1,122.59782034143679
0.8245630142058537,0,0,0,120.81398026933476
0.9590751274821775,0,0,0,119.10782745730953
1.833369109349561,0,0,0,120.35197444093014
0.3024728147604902,0,0,0,120.78428811569457
2.6059383041514814,0,0,0,122.04052014928835
0.9762320326333291,0,0,0,119.07073833192115
0.2942313504335842,0,0,0,117.94990942460461
2.2105617761301035,0,0,0,120.11478475194761
0.13101469054413137,0,0,0,117.58454911181701
0.18142577496963358,0,0,0,117.07904879297615
0.4687751314785856,0,0,0,117.19220981655873
0.5487112936190832,1,0,1,121.4319973254164
0.8526945422692058,0,0,0,120.57496551867908
1.8579575562796258,0,0,0,122.07541757774543
0.12252234952482083,1,0,0,118.49372897917478
0.6320603201233299,0,0,0,117.12191309371646
0.30249318275750586,0,0,0,117.94548316490206
0.7925057478887777,0,1,0,121.85013771968381
3.0871190372778665,0,0,0,123.18155288442641
0.09482916771868861,0,0,0,114.78071761552968
0.26668262024456013,1,0,0,119.1656171321715
1.6441622227576083,0,0,0,121.82571918827476
0.3617755246906569,0,0,0,118.04841666433246
1.0420085296768378,0,0,0,118.5892326177912
1.4385813309191304,0,0,0,121.1275183612208
3.1477675936999487,0,1,0,125.69812944625832
6.785087303892996,0,0,0,123.46113376783622
0.8391824139380077,0,0,0,117.81416182961678
0.7287900840095712,0,0,0,119.31257198449381
0.9759887140775763,0,0,0,119.71432767143386
0.8132560069374251,0,0,0,119.01215841690093
0.14357467933175827,0,0,0,117.05668408733958
1.3447298654935373,0,0,0,120.67729889340929
1.4253602694705412,0,0,0,119.97677402626856
1.390921714694307,0,0,0,121.41421286220368
2.31248107791479,0,0,0,123.25253245713907
2.78456189397554,0,0,0,122.78230757883047
0.5899101642992508,0,0,0,119.09910884061904
0.16706844609692623,0,0,0,117.044169482785
1.1506633041757812,0,0,0,119.0792488283817
1.4946804397937399,0,0,0,119.99226165736913
0.18166657463874678,0,0,0,116.988277892136
0.305115606840603,0,0,0,118.5168874924589
0.8960964219362769,0,0,0,121.28298920619649
3.190649008666209,0,0,0,120.6655416819369
0.2217800244682919,0,0,0,116.17689756772725
0.05078014677171691,0,0,0,115.0193585414656
0.40551944252950695,0,0,0,118.31514437747622
1.0799230729202243,1,0,0,123.07971343093035
0.3015493067183514,0,0,0,120.36578511423595
0.3873742211006872,0,0,0,119.73610948399863
2.38687298008369,0,0,1,123.50483115261223
1.8795608892193025,0,0,0,119.45292992930811
0.25497068951803425,0,0,0,118.8904739569947
0.6852481664132758,0,0,0,119.85306918484197
0.22704711881734252,0,1,0,118.4137719663904
0.6569147731535568,0,0,0,118.88216113496162
0.7562242235338066,0,0,0,119.42769455529896
10.073800432677135,1,0,0,123.75367897893403
5.5584584042791345,0,1,0,124.46087898695214
5.391184009803658,0,0,0,123.65110291357335
0.834625933013759,0,1,0,123.30746102615652
4.195089783702302,1,0,1,126.46073120512871
0.8497663064915298,0,0,1,121.81331861950416
2.6725200302859937,0,0,0,121.53304243393997
0.7384370522038746,0,0,1,118.59582486290275
0.9916744853526593,0,0,1,120.69946427432492
1.0169693367641919,0,1,0,123.13800654646738
0.49547171663178485,0,1,0,121.82605298516513
0.08689223260710027,0,0,0,116.84359802944903
1.1745070822034482,1,0,0,123.34267724057374
1.064032101758456,0,1,0,124.83796712961684
2.0216882579385023,1,1,1,127.49848801782507
1.4426637973993721,0,1,0,123.17388180310651
0.8300650076391108,0,0,0,119.19041492541324
0.12047116180784287,0,0,0,115.62888431264655
0.3555077820509391,0,0,0,118.05123731079541
2.136299675507028,0,0,1,121.65934802092411
3.449224918405864,1,0,0,125.11355628190476
1.103792845087375,0,0,0,118.05621545842557
1.3177398089685015,0,1,0,123.29308317399331
0.10437984472049149,0,0,0,115.8452899313177
3.8394382253817256,0,0,0,122.70240988882958
2.340019828495521,0,0,0,122.2978568049257
0.6013739219355737,0,0,0,118.74426065339824
0.39983397725965564,0,1,0,121.1646844035825
2.5306115226493993,1,0,1,126.30012274398133
5.271795207506466,0,0,0,120.67956419516369
0.49536557266177966,0,1,0,121.85668532395172
1.704885948478032,0,0,0,120.78552743876759
6.521885014484151,1,1,1,127.33348248151782
1.2708708293747453,1,0,0,121.67061908161266
2.9261509960366405,0,0,0,121.14081456243079
0.46107143720985677,0,0,0,118.11993959637002
2.4618301980468393,0,0,0,121.93425929788036
0.84012960813995,0,0,0,120.47643814069619
1.729542034893962,0,0,0,121.74360277489384
1.3292345142284308,0,1,0,123.74614316443052
2.255422989906509,0,0,0,121.86015651721979
2.5511977622668103,1,0,0,122.74716186698114
0.45994923600512033,1,1,0,121.71075451889372
0.6786494906529815,0,0,0,118.30216459481404
0.9288430272658726,0,0,0,119.81352223597369
1.241278272323619,0,0,0,121.0793814684348
0.5309636615025431,0,1,0,121.36199979318462
1.1038187209617312,0,0,0,117.87409803080583
3.723717419181119,0,0,1,123.6439254468903
1.1962173545817307,1,0,1,122.39595061566978
1.6332123079676413,0,0,0,120.47286837677302
1.4276070866742507,0,0,1,121.71279862380484
3.608769590625529,0,0,1,124.72098516533416
3.1171845976450094,0,0,0,119.87029451326308
1.4972729583177948,0,0,0,119.46528716554516
0.6210125141620364,0,0,0,119.28268341267544
2.6366433009245505,0,0,0,123.29115142685787
1.0130490339078366,0,1,0,123.03235055484487
0.49731304582945396,1,1,1,123.93882165657844
0.05389314829657325,0,0,0,115.27760061313936
0.7904472170878966,0,1,0,123.37808215270375
0.6340695359668576,0,0,1,120.11743457455354
2.342810604246553,1,0,1,125.6914660079868
1.8910541012316253,0,0,0,121.7667101729072
0.3765230071977051,0,0,0,117.23802329876798
0.6047417499680606,1,1,0,124.74316553198705
0.29793440449803094,0,0,0,118.78047161997165
1.1566532498159625,0,1,0,124.31226828200259
1.023421377545715,0,0,0,121.23065253235279
6.286737360595869,0,0,0,124.14989003344861
1.067156859297316,1,0,0,120.65787929634746
0.6740117679682093,0,0,1,120.37399298512106
4.030017805200034,0,0,0,122.7153034121175
0.8348383788464175,0,0,0,119.47522797015527
0.6232380502622966,0,0,0,119.3101194387419
5.399987351898825,0,0,0,124.17068256672037
1.5323997217239151,1,0,1,123.85464946426339
0.3388656673165887,0,0,0,118.78226689857358
3.884852302676997,0,0,0,120.83784046633909
0.9872585347321607,0,0,0,120.28847557562027
2.8790338444846606,0,0,0,121.21875748742502
1.157690853625055,0,0,0,120.42439338841166
0.35596308883504635,0,0,0,118.33777741352922
0.7352794630603997,0,0,0,120.51724166206698
0.36201881896886995,0,0,0,118.90548480327826
2.384912159295096,0,0,0,120.64273783638083
0.678661217694497,0,0,0,120.43480817953127
0.1803844978952461,1,0,0,119.21961858606376
4.620752588596188,0,1,1,127.65500272116513
2.6231622988716916,1,0,1,124.1743927990132
0.669805249372196,0,0,1,120.20830935546667
4.93704517471342,0,0,0,120.00356525007945
0.3152499693587376,0,1,0,120.6610830303481
1.1642124493871748,1,0,0,122.41688878278114
1.2889899205656787,0,0,0,119.1006074923032
1.2618402031807388,0,0,0,120.44593062891742
1.030014565988385,0,0,0,120.2546176298302
0.2949901404646823,0,0,0,118.00164071477076
0.6804643759239937,0,0,0,117.7729868890699
0.2544981925607848,0,1,0,119.84655938636521
0.29723943656068186,0,0,0,115.6564947273149
0.5862969711771854,0,0,0,118.77152131297207
4.201013426545131,0,0,1,123.20455682231865
0.8339000640854404,0,0,0,120.07244602770923
1.964486981477657,0,0,0,121.79554319343472
0.3268897414417376,0,1,0,118.96806779968853
7.893129257366487,0,0,0,123.98365173636662
2.7672701620537334,0,0,0,121.43735972955902
8.76208992558441,0,0,1,123.9248609228809
0.37300188490680514,0,0,0,117.97241500238523
0.42741555053263475,0,0,0,119.09397958808358
0.2591733625484455,0,0,0,117.97721836432673
1.6051830790342148,0,0,0,121.04146733310208
0.7585000944621261,0,1,1,122.39094059396334
1.304603568017977,0,0,0,120.30064985933534
3.7935420240386133,1,0,0,122.26672673259544
0.34165395672541543,0,0,0,117.48173434949513
0.6713265608138537,0,0,0,118.44266690070461
0.8643031024248268,0,0,0,121.73184664801336
0.9160459315017874,1,1,0,124.15057008633032
0.43471096511784474,0,0,1,118.72860759838706
0.5154980018681972,0,0,0,118.0099333370253
1.4805070267118179,0,0,0,122.49314429541728
1.64449318747755,0,0,0,121.80700764779294
3.8822922857385707,0,0,0,122.17689904512973
2.6522982140433107,0,0,0,122.95334314561836
0.25219197074511046,0,1,0,120.48477886697712
1.7649476673576971,0,0,1,121.42084340094779
0.8507096180772749,0,0,1,120.17185918648947
2.4556236371802953,0,0,1,121.37936485255355
5.45528148081695,0,0,1,125.21356229895088
2.6067557441215166,0,0,0,120.61306422454487
0.8911234856470159,0,0,0,120.40786642238498
0.7376251185620776,0,0,0,119.34158577281134
0.8880466424263568,0,0,0,119.8130911278987
0.9557398865204404,0,0,0,120.66418687794153
2.77672892662129,0,0,1,124.81392020173335
1.5489338494999363,0,0,0,120.11432031951993
2.047266549424821,0,0,0,121.95476136830284
0.5820917409460201,0,0,0,118.14713686521023
0.5158079629505801,0,0,0,119.25711124483179
9.649680972160771,0,0,1,123.65140090473221
0.18202040283539356,0,0,0,118.57781792098618
1.0295562982618605,0,0,0,119.63044032970552
0.773137924939693,1,0,0,121.29318983722501
0.36516793240085876,0,0,0,118.24051531187519
0.4342293896352884,0,0,0,118.88185505686018
0.4914851501671923,0,0,0,118.3089336369759
1.061453309668736,0,0,0,119.59515605935562
0.4874066507676363,0,0,0,119.96339864813024
0.5107387147120631,0,0,0,120.51877605176362
1.1931164732270803,0,0,1,122.83347044721978
0.7440927772546335,0,0,0,119.90698356047687
1.4363156360344564,0,0,0,121.02898821221768
5.7106179185315185,0,1,0,126.73682450299908
1.015587285729792,0,0,1,122.5974282210859
0.3308838293717088,0,0,0,118.90161768689588
0.19042090263708436,0,0,0,117.64252021653822
0.6157136782165579,0,0,0,119.48613468691073
2.509960706028191,0,0,0,121.5174172219944
0.9203027905869245,0,0,0,118.49864386803017
4.476168865476855,0,0,0,121.67500922611181
0.6255292627125196,0,0,1,119.02359516954506
0.6379412135611504,0,0,0,120.27576667508698
0.5773899433423435,0,0,0,118.68274722481758
2.838382640073222,1,0,1,124.2131833416666
5.505182054903512,0,0,1,123.25934235714443
0.4570223912900017,0,0,1,119.40859630287491
1.6052700040304135,1,1,1,127.24029712532376
1.4209282945115917,0,0,0,121.18064281149083
0.1997104887619804,0,0,0,118.60287853367521
2.5945787417490815,1,0,1,123.97057816867641
1.6003915098059631,1,0,0,121.20264399253664
2.013082132589164,0,0,1,122.6782788465382
0.3460889327690332,0,0,0,119.302925369418
0.6449059031531059,0,0,0,120.16911768176266
3.0012561034226177,0,1,0,124.89987515396952
0.09857664554522916,0,1,0,117.1923447171427
0.431796237839915,0,0,0,117.2068906922482
5.216404432368833,0,0,0,123.17272232274371
2.851891595441413,0,0,0,123.00277156065823
4.371116455413697,0,0,0,121.19795986691476
1.4823173671277672,1,0,0,120.81168249134022
1.9804780134032007,0,0,1,121.4965222366213
2.1504673691898866,0,0,0,121.6607597581793
0.43843353700214566,0,0,0,119.48783608375936
1.7638214977516562,0,0,0,121.90961064342876
6.087317740724655,1,0,1,123.99507384012507
0.4065924493767237,0,0,0,118.24183482872547
1.4391746183630223,0,0,0,119.92113689204756
1.9015376398368364,0,0,0,119.67965075753689
1.8576391055793724,0,0,0,119.4625245050747
0.3682716624138702,0,0,0,118.30618916389746
1.135217750607492,0,0,1,120.89116787824723
2.2398284907861443,0,0,0,119.66069498843996
3.285911627882058,0,0,0,121.62269023752198
2.4831844850210114,0,0,0,121.70653983755551
1.6464149675887028,0,0,0,121.64867822185002
4.1900445736420835,0,0,0,121.39321540692833
0.5897148278768245,0,0,0,120.45601622319845
2.4814949113591385,1,0,0,121.74650583342701
0.8991914487758186,0,0,0,118.73684994589047
0.6937482093626854,0,0,0,120.62136101577975
1.0109464014253655,0,0,0,121.26558456947298
0.4892681721978611,0,0,0,119.94285472389194
1.3802737221382728,0,0,0,118.86367050843403
0.987187019525664,0,0,1,121.55837912617977
4.558912749128219,0,0,0,121.93127076639608
2.9034876828251557,0,0,0,123.22389011460447
2.52197629335352,0,0,0,122.36876595112906
1.6719750152177477,1,0,0,123.28652077924158
0.2275891963563213,0,0,0,118.22270599019036
8.289884792874648,0,0,0,122.51004963520991
1.0302820220438387,0,0,0,122.0939574197336
0.8282307945800244,0,0,0,119.7788758029224
2.1586976340640835,0,0,0,122.45498947157934
2.451962524413314,0,1,1,126.34593352867309
2.5651561254326958,0,0,0,121.41320179839612
0.8975694392434352,0,1,1,125.70505429280797
1.097101642176795,0,0,0,119.15905510781221
3.7862013252117563,0,0,0,123.31894457377726
0.791353863651845,0,0,0,120.81357246236527
3.6547478437898437,0,0,1,125.78352820088745
1.8713841271616,0,0,0,120.45232891773504
3.4435019815804813,0,0,0,123.31222490698696
2.041148839968081,0,0,1,120.70137213682324
1.142722997141356,0,0,1,120.38007868057895
3.9319103305121867,0,0,0,122.17303370694728
0.5990041984149431,0,0,0,119.89306469646046
0.7520487898654592,0,1,0,122.38638095483525
4.561784914964555,1,0,0,123.9686247148761
0.5468625531457272,0,0,0,119.39539419875376
0.6432956108075337,0,0,0,117.24606694121033
0.7963531150336185,0,1,0,122.55205892012526
3.927751961312141,0,0,0,121.28500435281262
1.6052672102995593,0,0,0,120.57680079456237
0.92709235550205,1,1,0,122.03528508250024
0.9463773770902335,0,0,0,119.93477769367736
3.1088633339668297,1,1,1,127.98601239442118
1.6141987772275945,0,0,0,121.76724573759016
0.8163675290376607,0,0,0,120.20094766698914
2.4915475332912296,1,0,0,123.69654208433735
1.836548769355814,0,0,0,120.4323968188728
0.10836310960257364,0,0,0,116.92828208211985
0.8537222198053104,0,0,0,119.17568338982144
0.9427897159358279,1,1,0,122.79224537178126
2.4208233338898464,0,0,0,121.93470129715045
2.075644528592606,0,0,0,122.20633932233636
0.17476644303994876,1,1,0,123.59985956058941
0.845585083169553,0,0,0,121.2475132277881
1.2502984945958047,0,0,1,120.32914916493176
0.372264824283038,0,1,1,122.68851689516165
0.8093845913395804,0,0,0,119.25689516424278
0.34219225584337265,0,0,0,119.42754066327115
0.8584669879346085,0,0,1,120.90951671158945
0.20420790815615897,0,0,0,117.01823737903686
0.9748196362281866,0,0,0,121.55948302212751
2.040429438020492,0,1,0,124.73779587293704
3.4874908529355784,0,0,1,123.2381244930305
3.5558659611122634,0,0,0,121.9845448153601
2.428911143402773,0,0,0,122.39769730953672
0.345032930461031,0,0,0,117.58371094144982
1.0101418020264215,0,0,0,118.49614610588199
0.44171571645051794,0,0,0,117.0905828938686
1.5478500322337763,1,0,1,121.72772720537948
4.8150560575797705,0,0,0,123.17416311821354
2.750517617941735,0,0,1,123.38557236755194
0.424304898602613,0,0,0,118.79069744954414
0.4871660980213115,0,0,0,118.35664919850775
8.980072733567413,0,0,0,122.90641671314887
0.6637024467828586,0,0,0,120.4158078298972
0.5844773611394811,0,0,0,117.66642215917848
2.3342807766740563,0,0,1,121.97147834729634
0.3466783651161173,0,0,0,118.44933187438984
0.4951570243639672,0,0,0,118.17917399620048
3.6356373152563037,0,0,0,121.98403241189362
0.39032202537000454,0,0,0,119.5778294029335
0.5399118668730596,0,0,0,118.92934134536566
0.8123182936133134,0,1,0,120.75484803746187
0.538061940111021,0,0,0,117.03019285756497
0.15092879020934777,0,0,0,115.161547465634
0.24758173461558866,0,0,0,116.61134599961527
0.9902317378576591,0,0,0,121.1363078244796
0.3609349248578037,0,0,0,117.6589747405393
0.469544616983289,0,0,0,119.84408381778253
0.8672694403732505,0,1,0,122.78392838163943
0.6737312948354163,1,0,0,121.97067451241054
1.828020083410036,0,0,0,120.3650709048089
1.9758794264381017,1,0,0,120.87094061777813
1.0774105761818413,0,0,0,120.22139077342268
0.47986802017434993,0,0,1,119.20269634621964
0.44756883864234154,0,0,0,120.86180794106508
15.209000645916966,0,0,0,123.35718647681692
1.354922158186783,0,0,0,120.03555592226414
0.25575693111458186,0,0,0,116.01777930473831
0.7486580171060423,0,0,0,119.51615280184976
1.092835583711284,0,0,0,119.91231898062446
3.2807960542209953,0,0,0,123.03922458256368
2.5295824122857913,0,0,0,120.30013915379105
1.1292411407674536,0,0,0,120.34994137349675
2.7313388139175423,0,0,0,120.55060301359103
3.3595435174329733,0,0,0,122.11161580597317
1.2694761455888952,0,0,0,121.20289074238083
3.088970437921244,1,1,1,126.74419407060809
0.772758908611285,0,0,0,121.14816593947627
